"source_id","req_id","authority","official_url","verified_on","supports","does_not_prove","status"
"SRC-TRAM-001","SLP-MUN-FUNC","Ayuntamiento de San Luis Potosí","https://www.municipiodeslp.gob.mx/","2026-10-02","Portal vigente expone Factibilidad de Uso de Suelo para Funcionamiento; SARE para giros de bajo impacto en establecimientos de máximo 119.99 m²; anuncia obtención de licencia de uso de suelo y funcionamiento en 3 días hábiles para candidatos.","No prueba que ROCA sea giro de bajo impacto ni que su superficie entre en SARE; tampoco sustituye revisión del expediente/licencia vigente.","CURRENT_OFFICIAL_ROUTE"
"SRC-TRAM-002","SLP-MUN-FUNC","Ayuntamiento de San Luis Potosí","https://www.municipiodeslp.gob.mx/","2026-10-02","Portal vigente ofrece Refrendo 2026 para negocios giro A o B con refrendos 2022-2025; solicita número de Licencia Comercial y correo; después del pago indica obtener Licencia de Funcionamiento en oficinas de Comercio de la UAM.","No demuestra que ROCA tenga giro A/B, antecedente 2022-2025 ni que el refrendo sea la ruta correcta.","CURRENT_OFFICIAL_ROUTE"
"SRC-TRAM-003","SLP-PC-CONSULT","Coordinación Estatal de Protección Civil SLP","https://proteccioncivil.slp.gob.mx/consultores-2024/","2026-10-02","La página vigente está titulada Consultores 2026 y publica consultores autorizados.","No demuestra que ROCA requiera consultor ni sustituye verificar nombre/registro del proveedor concreto antes de contratar.","CURRENT_OFFICIAL_REGISTER"
"SRC-TRAM-004","SLP-PC-PIPC","Coordinación Estatal de Protección Civil SLP","https://proteccioncivil.slp.gob.mx/","2026-10-02","El portal estatal vigente muestra contacto institucional y en su superficie pública de Trámites y Servicios indica que no hay trámites publicados.","No significa que el PIPC no exista ni que no aplique; obliga a confirmar autoridad/ventanilla competente en vez de inventar una ruta en línea.","CURRENT_OFFICIAL_PORTAL_LIMITATION"
"SRC-TRAM-005","SEM-0717","SEMARNAT","https://www.gob.mx/public/tramites/detalleTramite.xhtml?homoclave=SEMARNAT-07-017","2026-10-02","Portal oficial vigente soporta registro/modificación de generadores de residuos peligrosos; se reconciliaron formato FF-SEMARNAT-090, Anexo 18.2 y gratuidad con la ficha oficial consultada.","No prueba que ROCA sea generador sujeto al registro; requiere clasificar corrientes y estimar generación anual antes de presentar.","CURRENT_OFFICIAL_ROUTE"
"SRC-TRAM-006","SEM-08006","SEMARNAT","https://www.gob.mx/public/tramites/detalleTramite.xhtml?homoclave=SEMARNAT-08-006","2026-10-02","Ficha oficial vigente sustenta formato FF-SEMARNAT-007 y naturaleza de aviso; la ruta fue reconciliada como gratuita.","No prueba que el registro de ROCA esté ausente ni identifica al titular histórico; primero reconciliar expediente existente.","CURRENT_OFFICIAL_ROUTE"
"SRC-TRAM-007","SEM-08009","SEMARNAT","https://www.gob.mx/public/tramites/detalleTramite.xhtml?homoclave=SEMARNAT-08-009","2026-10-02","Ficha oficial vigente sustenta FF-SEMARNAT-008, canal VUCEM/presencial, pago publicado de 880 MXN, plazo de respuesta de 10 días hábiles y vigencia de 180 días naturales.","No prueba que una operación concreta requiera CITES ni que el monto permanezca aplicable a una operación futura; revalidar antes de pagar/presentar.","CURRENT_OFFICIAL_ROUTE"
"SRC-TRAM-008","SLP-ENV-RINP","SEGAM San Luis Potosí","https://segam.slp.gob.mx/residuos/","2026-10-02","Portal oficial vigente sustenta la ruta de residuos industriales no peligrosos y el formato F-SEGAM-DGA-RI-01 usado por el master.","No prueba que ROCA deba registrarse; primero identificar corrientes, cantidades, destino y antecedentes registrales.","CURRENT_OFFICIAL_ROUTE"
"SRC-TRAM-009","SLP-ENV-RME","SEGAM San Luis Potosí","https://segam.slp.gob.mx/residuos/","2026-10-02","Portal oficial vigente sustenta la ruta de residuos de manejo especial y el formato F-SEGAM-DGA-RI-12 usado por el master.","No prueba que ROCA active plan de manejo; requiere clasificación y cantidad anual.","CURRENT_OFFICIAL_ROUTE"
"SRC-TRAM-010","SLP-ENV-AIR","SEGAM San Luis Potosí","https://segam.slp.gob.mx/atmosfera-y-fuentes-fijas/","2026-10-02","Portal oficial vigente mantiene la ruta de fuentes fijas, permiso de operación/actualización/refrendo y COA; el master conserva SEGAM-DAS-PO-01 como solicitud de trabajo.","No prueba que una fuente de ROCA sea de jurisdicción local ni que el permiso/COA aplique; requiere inventario de fuentes/procesos y jurisdicción.","CURRENT_OFFICIAL_ROUTE"
"SRC-TRAM-011","SLP-ENV-IA","SEGAM San Luis Potosí","https://segam.slp.gob.mx/impacto/","2026-10-02","Portal oficial vigente mantiene rutas de impacto ambiental, incluyendo guías/modalidades para informe preventivo, MIA particular/regional y exención.","No define modalidad para ROCA sin una obra/actividad concreta; no autoriza ejecutar una intervención.","CURRENT_OFFICIAL_ROUTE"
