"req_id","reference","title","registry_status","official_source","source_locator_kind","evaluation_mode","technical_calculation_status","exact_citation_status","ui_context_status","next_controlled_action"
"STPS-001","NOM-001-STPS-2008","Edificios, locales e instalaciones","NOT_CHECKED","https://asinom.stps.gob.mx/upload/noms/Nom-001.pdf","DIRECT_OFFICIAL_PDF_URL","STRUCTURED_IN_NORM_CONTEXT","STRUCTURED_MEASUREMENT_CALCULATION_OR_EXPLICIT_DECISION_LOGIC","SEE_NORM_CONTEXT_DATA","AREA_REFERENCE_VISIBLE; VER_FUNDAMENTO_AVAILABLE_WHEN_CRITERION_MAPPED","Field-verify applicability and inputs; keep citation/version under source control; do not infer compliance from presence of the context card."
"STPS-002","NOM-002-STPS-2010","Prevención y protección contra incendios","PARTIAL","https://www.dof.gob.mx/nota_detalle_popup.php?codigo=5170410","OFFICIAL_HTML_OR_INDEX_URL","STRUCTURED_IN_NORM_CONTEXT","STRUCTURED_MEASUREMENT_CALCULATION_OR_EXPLICIT_DECISION_LOGIC","SEE_NORM_CONTEXT_DATA","AREA_REFERENCE_VISIBLE; VER_FUNDAMENTO_AVAILABLE_WHEN_CRITERION_MAPPED","Field-verify applicability and inputs; keep citation/version under source control; do not infer compliance from presence of the context card."
"STPS-004","NOM-004-STPS-1999","Seguridad en maquinaria","APPLICABILITY_PENDING","https://asinom.stps.gob.mx/upload/noms/Nom-004.pdf","DIRECT_OFFICIAL_PDF_URL","STRUCTURED_IN_NORM_CONTEXT","STRUCTURED_MEASUREMENT_CALCULATION_OR_EXPLICIT_DECISION_LOGIC","SEE_NORM_CONTEXT_DATA","AREA_REFERENCE_VISIBLE; VER_FUNDAMENTO_AVAILABLE_WHEN_CRITERION_MAPPED","Field-verify applicability and inputs; keep citation/version under source control; do not infer compliance from presence of the context card."
"STPS-005","NOM-005-STPS-1998","Sustancias químicas peligrosas","PARTIAL","https://asinom.stps.gob.mx/upload/noms/Nom-005.pdf","DIRECT_OFFICIAL_PDF_URL","STRUCTURED_IN_NORM_CONTEXT","STRUCTURED_MEASUREMENT_CALCULATION_OR_EXPLICIT_DECISION_LOGIC","SEE_NORM_CONTEXT_DATA","AREA_REFERENCE_VISIBLE; VER_FUNDAMENTO_AVAILABLE_WHEN_CRITERION_MAPPED","Field-verify applicability and inputs; keep citation/version under source control; do not infer compliance from presence of the context card."
"STPS-006","NOM-006-STPS-2023","Almacenamiento/manejo con maquinaria","APPLICABILITY_PENDING","https://asinom.stps.gob.mx/upload/nom/52.pdf","DIRECT_OFFICIAL_PDF_URL","STRUCTURED_IN_NORM_CONTEXT","STRUCTURED_MEASUREMENT_CALCULATION_OR_EXPLICIT_DECISION_LOGIC","SEE_NORM_CONTEXT_DATA","AREA_REFERENCE_VISIBLE; VER_FUNDAMENTO_AVAILABLE_WHEN_CRITERION_MAPPED","Field-verify applicability and inputs; keep citation/version under source control; do not infer compliance from presence of the context card."
"STPS-010","NOM-010-STPS-2014","Agentes químicos contaminantes","APPLICABILITY_PENDING","https://asinom.stps.gob.mx/upload/nom/45.pdf","DIRECT_OFFICIAL_PDF_URL","STRUCTURED_IN_NORM_CONTEXT","STRUCTURED_MEASUREMENT_CALCULATION_OR_EXPLICIT_DECISION_LOGIC","SEE_NORM_CONTEXT_DATA","AREA_REFERENCE_VISIBLE; VER_FUNDAMENTO_AVAILABLE_WHEN_CRITERION_MAPPED","Field-verify applicability and inputs; keep citation/version under source control; do not infer compliance from presence of the context card."
"STPS-011","NOM-011-STPS-2001","Ruido","APPLICABILITY_PENDING","https://asinom.stps.gob.mx/upload/noms/Nom-011.pdf","DIRECT_OFFICIAL_PDF_URL","STRUCTURED_IN_NORM_CONTEXT","STRUCTURED_MEASUREMENT_CALCULATION_OR_EXPLICIT_DECISION_LOGIC","SEE_NORM_CONTEXT_DATA","AREA_REFERENCE_VISIBLE; VER_FUNDAMENTO_AVAILABLE_WHEN_CRITERION_MAPPED","Field-verify applicability and inputs; keep citation/version under source control; do not infer compliance from presence of the context card."
"STPS-017","NOM-017-STPS-2024","Equipo de protección personal","PARTIAL","https://asinom.stps.gob.mx/Centro/CentroMarcoNormativo.aspx","OFFICIAL_HTML_OR_INDEX_URL","STRUCTURED_IN_NORM_CONTEXT","STRUCTURED_MEASUREMENT_CALCULATION_OR_EXPLICIT_DECISION_LOGIC","SEE_NORM_CONTEXT_DATA","AREA_REFERENCE_VISIBLE; VER_FUNDAMENTO_AVAILABLE_WHEN_CRITERION_MAPPED","Field-verify applicability and inputs; keep citation/version under source control; do not infer compliance from presence of the context card."
"STPS-018","NOM-018-STPS-2015","Comunicación de peligros químicos","PARTIAL","https://asinom.stps.gob.mx/Centro/CentroMarcoNormativo.aspx","OFFICIAL_HTML_OR_INDEX_URL","STRUCTURED_IN_NORM_CONTEXT","STRUCTURED_MEASUREMENT_CALCULATION_OR_EXPLICIT_DECISION_LOGIC","SEE_NORM_CONTEXT_DATA","AREA_REFERENCE_VISIBLE; VER_FUNDAMENTO_AVAILABLE_WHEN_CRITERION_MAPPED","Field-verify applicability and inputs; keep citation/version under source control; do not infer compliance from presence of the context card."
"STPS-019","NOM-019-STPS-2011","Comisión de seguridad e higiene","APPLICABILITY_PENDING","https://asinom.stps.gob.mx/upload/nom/34.pdf","DIRECT_OFFICIAL_PDF_URL","STRUCTURED_IN_NORM_CONTEXT","STRUCTURED_MEASUREMENT_CALCULATION_OR_EXPLICIT_DECISION_LOGIC","SEE_NORM_CONTEXT_DATA","AREA_REFERENCE_VISIBLE; VER_FUNDAMENTO_AVAILABLE_WHEN_CRITERION_MAPPED","Field-verify applicability and inputs; keep citation/version under source control; do not infer compliance from presence of the context card."
"STPS-020","NOM-020-STPS-2011","Recipientes sujetos a presión/calderas","APPLICABILITY_PENDING","https://asinom.stps.gob.mx/Centro/CentroMarcoNormativo.aspx","OFFICIAL_HTML_OR_INDEX_URL","STRUCTURED_IN_NORM_CONTEXT","STRUCTURED_MEASUREMENT_CALCULATION_OR_EXPLICIT_DECISION_LOGIC","SEE_NORM_CONTEXT_DATA","AREA_REFERENCE_VISIBLE; VER_FUNDAMENTO_AVAILABLE_WHEN_CRITERION_MAPPED","Field-verify applicability and inputs; keep citation/version under source control; do not infer compliance from presence of the context card."
"STPS-025","NOM-025-STPS-2008","Iluminación","PARTIAL","https://asinom.stps.gob.mx/UPLOAD/NOMS/NOM-025.PDF","DIRECT_OFFICIAL_PDF_URL","STRUCTURED_IN_NORM_CONTEXT","STRUCTURED_MEASUREMENT_CALCULATION_OR_EXPLICIT_DECISION_LOGIC","SEE_NORM_CONTEXT_DATA","AREA_REFERENCE_VISIBLE; VER_FUNDAMENTO_AVAILABLE_WHEN_CRITERION_MAPPED","Field-verify applicability and inputs; keep citation/version under source control; do not infer compliance from presence of the context card."
"STPS-026","NOM-026-STPS-2008","Colores y señales de seguridad","PARTIAL","https://asinom.stps.gob.mx/upload/noms/Nom-026.pdf","DIRECT_OFFICIAL_PDF_URL","STRUCTURED_IN_NORM_CONTEXT","STRUCTURED_MEASUREMENT_CALCULATION_OR_EXPLICIT_DECISION_LOGIC","SEE_NORM_CONTEXT_DATA","AREA_REFERENCE_VISIBLE; VER_FUNDAMENTO_AVAILABLE_WHEN_CRITERION_MAPPED","Field-verify applicability and inputs; keep citation/version under source control; do not infer compliance from presence of the context card."
"STPS-027","NOM-027-STPS-2008","Soldadura y corte","PARTIAL","https://asinom.stps.gob.mx/upload/noms/Nom-027.pdf","DIRECT_OFFICIAL_PDF_URL","STRUCTURED_IN_NORM_CONTEXT","STRUCTURED_MEASUREMENT_CALCULATION_OR_EXPLICIT_DECISION_LOGIC","SEE_NORM_CONTEXT_DATA","AREA_REFERENCE_VISIBLE; VER_FUNDAMENTO_AVAILABLE_WHEN_CRITERION_MAPPED","Field-verify applicability and inputs; keep citation/version under source control; do not infer compliance from presence of the context card."
"STPS-030","NOM-030-STPS-2009","Servicios preventivos SST","APPLICABILITY_PENDING","https://asinom.stps.gob.mx/upload/nom/32.pdf","DIRECT_OFFICIAL_PDF_URL","STRUCTURED_IN_NORM_CONTEXT","STRUCTURED_MEASUREMENT_CALCULATION_OR_EXPLICIT_DECISION_LOGIC","SEE_NORM_CONTEXT_DATA","AREA_REFERENCE_VISIBLE; VER_FUNDAMENTO_AVAILABLE_WHEN_CRITERION_MAPPED","Field-verify applicability and inputs; keep citation/version under source control; do not infer compliance from presence of the context card."
"STPS-036","NOM-036-1-STPS-2018","Ergonomía manejo manual de cargas","APPLICABILITY_PENDING","https://asinom.stps.gob.mx/upload/nom/49.pdf","DIRECT_OFFICIAL_PDF_URL","STRUCTURED_IN_NORM_CONTEXT","STRUCTURED_MEASUREMENT_CALCULATION_OR_EXPLICIT_DECISION_LOGIC","SEE_NORM_CONTEXT_DATA","AREA_REFERENCE_VISIBLE; VER_FUNDAMENTO_AVAILABLE_WHEN_CRITERION_MAPPED","Field-verify applicability and inputs; keep citation/version under source control; do not infer compliance from presence of the context card."
"SEM-052","NOM-052-SEMARNAT-2005","Identificación/clasificación de residuos peligrosos","PARTIAL","https://dof.gob.mx/nota_detalle_popup.php?codigo=4912592","OFFICIAL_HTML_OR_INDEX_URL","STRUCTURED_IN_NORM_CONTEXT","STRUCTURED_MEASUREMENT_CALCULATION_OR_EXPLICIT_DECISION_LOGIC","SEE_NORM_CONTEXT_DATA","AREA_REFERENCE_VISIBLE; VER_FUNDAMENTO_AVAILABLE_WHEN_CRITERION_MAPPED","Field-verify applicability and inputs; keep citation/version under source control; do not infer compliance from presence of the context card."
"SEM-WW","NOM-002-SEMARNAT-1996","Descarga a alcantarillado urbano/municipal","APPLICABILITY_PENDING","https://www.dof.gob.mx/","OFFICIAL_HTML_OR_INDEX_URL","STRUCTURED_IN_NORM_CONTEXT","STRUCTURED_MEASUREMENT_CALCULATION_OR_EXPLICIT_DECISION_LOGIC","SEE_NORM_CONTEXT_DATA","AREA_REFERENCE_VISIBLE; VER_FUNDAMENTO_AVAILABLE_WHEN_CRITERION_MAPPED","Field-verify applicability and inputs; keep citation/version under source control; do not infer compliance from presence of the context card."
"STPS-022","NOM-022-STPS-2015","Electricidad estática","APPLICABILITY_PENDING","https://asinom.stps.gob.mx/upload/nom/46.pdf","DIRECT_OFFICIAL_PDF_URL","STRUCTURED_IN_NORM_CONTEXT","STRUCTURED_MEASUREMENT_CALCULATION_OR_EXPLICIT_DECISION_LOGIC","SEE_NORM_CONTEXT_DATA","AREA_REFERENCE_VISIBLE; VER_FUNDAMENTO_AVAILABLE_WHEN_CRITERION_MAPPED","Field-verify applicability and inputs; keep citation/version under source control; do not infer compliance from presence of the context card."
"STPS-029","NOM-029-STPS-2011","Mantenimiento de instalaciones eléctricas","APPLICABILITY_PENDING","https://asinom.stps.gob.mx/upload/nom/NOM-029.pdf","DIRECT_OFFICIAL_PDF_URL","STRUCTURED_IN_NORM_CONTEXT","STRUCTURED_MEASUREMENT_CALCULATION_OR_EXPLICIT_DECISION_LOGIC","SEE_NORM_CONTEXT_DATA","AREA_REFERENCE_VISIBLE; VER_FUNDAMENTO_AVAILABLE_WHEN_CRITERION_MAPPED","Field-verify applicability and inputs; keep citation/version under source control; do not infer compliance from presence of the context card."
"STPS-009","NOM-009-STPS-2011","Trabajos en altura","APPLICABILITY_PENDING","https://asinom.stps.gob.mx/upload/nom/35.pdf","DIRECT_OFFICIAL_PDF_URL","STRUCTURED_IN_NORM_CONTEXT","STRUCTURED_MEASUREMENT_CALCULATION_OR_EXPLICIT_DECISION_LOGIC","SEE_NORM_CONTEXT_DATA","AREA_REFERENCE_VISIBLE; VER_FUNDAMENTO_AVAILABLE_WHEN_CRITERION_MAPPED","Field-verify applicability and inputs; keep citation/version under source control; do not infer compliance from presence of the context card."
"STPS-015","NOM-015-STPS-2001","Condiciones térmicas extremas","APPLICABILITY_PENDING","https://asinom.stps.gob.mx/upload/noms/Nom-015.pdf","DIRECT_OFFICIAL_PDF_URL","STRUCTURED_IN_NORM_CONTEXT","STRUCTURED_MEASUREMENT_CALCULATION_OR_EXPLICIT_DECISION_LOGIC","SEE_NORM_CONTEXT_DATA","AREA_REFERENCE_VISIBLE; VER_FUNDAMENTO_AVAILABLE_WHEN_CRITERION_MAPPED","Field-verify applicability and inputs; keep citation/version under source control; do not infer compliance from presence of the context card."
"STPS-024","NOM-024-STPS-2001","Vibraciones","APPLICABILITY_PENDING","https://asinom.stps.gob.mx/upload/noms/Nom-024.pdf","DIRECT_OFFICIAL_PDF_URL","STRUCTURED_IN_NORM_CONTEXT","STRUCTURED_MEASUREMENT_CALCULATION_OR_EXPLICIT_DECISION_LOGIC","SEE_NORM_CONTEXT_DATA","AREA_REFERENCE_VISIBLE; VER_FUNDAMENTO_AVAILABLE_WHEN_CRITERION_MAPPED","Field-verify applicability and inputs; keep citation/version under source control; do not infer compliance from presence of the context card."
"STPS-028","NOM-028-STPS-2012","Seguridad en procesos/equipos con sustancias químicas","APPLICABILITY_PENDING","https://asinom.stps.gob.mx/upload/nom/NOM-028-STPS-2012.pdf","DIRECT_OFFICIAL_PDF_URL","STRUCTURED_IN_NORM_CONTEXT","STRUCTURED_MEASUREMENT_CALCULATION_OR_EXPLICIT_DECISION_LOGIC","SEE_NORM_CONTEXT_DATA","AREA_REFERENCE_VISIBLE; VER_FUNDAMENTO_AVAILABLE_WHEN_CRITERION_MAPPED","Field-verify applicability and inputs; keep citation/version under source control; do not infer compliance from presence of the context card."
"STPS-033","NOM-033-STPS-2015","Espacios confinados","APPLICABILITY_PENDING","https://asinom.stps.gob.mx/upload/nom/44.pdf","DIRECT_OFFICIAL_PDF_URL","STRUCTURED_IN_NORM_CONTEXT","STRUCTURED_MEASUREMENT_CALCULATION_OR_EXPLICIT_DECISION_LOGIC","SEE_NORM_CONTEXT_DATA","AREA_REFERENCE_VISIBLE; VER_FUNDAMENTO_AVAILABLE_WHEN_CRITERION_MAPPED","Field-verify applicability and inputs; keep citation/version under source control; do not infer compliance from presence of the context card."
"STPS-035","NOM-035-STPS-2018","Factores de riesgo psicosocial","NOT_CHECKED","https://asinom.stps.gob.mx/upload/nom/48.pdf","DIRECT_OFFICIAL_PDF_URL","STRUCTURED_IN_NORM_CONTEXT","STRUCTURED_MEASUREMENT_CALCULATION_OR_EXPLICIT_DECISION_LOGIC","SEE_NORM_CONTEXT_DATA","AREA_REFERENCE_VISIBLE; VER_FUNDAMENTO_AVAILABLE_WHEN_CRITERION_MAPPED","Field-verify applicability and inputs; keep citation/version under source control; do not infer compliance from presence of the context card."
"SLP-ENV-RME","SEGAM / NOM-161-SEMARNAT-2011","Plan de manejo de residuos de manejo especial","APPLICABILITY_PENDING","https://segam.slp.gob.mx/residuos/","OFFICIAL_HTML_OR_INDEX_URL","STRUCTURED_IN_NORM_CONTEXT","STRUCTURED_MEASUREMENT_CALCULATION_OR_EXPLICIT_DECISION_LOGIC","SEE_NORM_CONTEXT_DATA","AREA_REFERENCE_VISIBLE; VER_FUNDAMENTO_AVAILABLE_WHEN_CRITERION_MAPPED","Field-verify applicability and inputs; keep citation/version under source control; do not infer compliance from presence of the context card."
"STPS-034","NOM-034-STPS-2016","Acceso y actividades de trabajadores con discapacidad","APPLICABILITY_PENDING","https://asinom.stps.gob.mx/upload/nom/47.pdf","DIRECT_OFFICIAL_PDF_URL","STRUCTURED_IN_NORM_CONTEXT","STRUCTURED_MEASUREMENT_CALCULATION_OR_EXPLICIT_DECISION_LOGIC","SEE_NORM_CONTEXT_DATA","AREA_REFERENCE_VISIBLE; VER_FUNDAMENTO_AVAILABLE_WHEN_CRITERION_MAPPED","Field-verify applicability and inputs; keep citation/version under source control; do not infer compliance from presence of the context card."
