module,ledger_path,ledger_rows,old_gate_rows,canonical_gate_path,action,errors,proof_sha256
NOM001,NOM001/NOM001_requirement_ledger_canonical.csv,99,99,NOM001/NOM001_GATE_CANONICAL.json,PRESERVE,0,1f96f4a408ff55e762133b755384734038ad06c8a27dbad7b46cfa7c56c033bf
NOM002,NOM002/NOM002_requirement_ledger.csv,198,198,NOM002/NOM002_GATE.json,PRESERVE,0,9c79122d2c62057f7857effa8caa42d1ee40bf57be8afafc6dd10252458b5ec6
NOM004,NOM004/NOM004_requirement_ledger.csv,68,68,NOM004/NOM004_GATE.json,PRESERVE,0,1a7c25c288bdec5c32d7cd28a7a5f119c312e1813cbcef7983100ad29314c737
NOM005,NOM005/NOM005_requirement_ledger.csv,79,79,NOM005/NOM005_GATE.json,PRESERVE,0,0ef71966dd9048ed8951e773672ecb52b7f6714bde9ac40349c71dd20fbee8bd
NOM006,NOM006/NOM006_requirement_ledger.csv,216,216,NOM006/NOM006_GATE.json,PRESERVE,0,05c0892183c16dad47b7664d10ffe5b43855339376dfdcd758a20ec4e5ad691e
NOM009,NOM009/NOM009_requirement_ledger.csv,236,236,NOM009/NOM009_GATE.json,PRESERVE,0,1df984b7815798c5dddb4806719dc276444025ceafabc38c2691616e2943b887
NOM010,NOM010/NOM010_requirement_ledger.csv,151,151,NOM010/NOM010_GATE.json,PRESERVE,0,efeae788953d784787a4b6258814da6840656e18b88ebb295de1b59ee0e2d97b
NOM011,NOM011/NOM011_requirement_ledger.csv,81,81,NOM011/NOM011_GATE.json,PRESERVE,0,af00f80b485f0509a152384acef2b56a808156ce7f67952c2cbf7fb28856b1c7
NOM015,NOM015/NOM015_requirement_ledger.csv,75,75,NOM015/NOM015_GATE.json,PRESERVE,0,c8e79959d165502e2e0a573241b60e12d4adfc7769ec072709415d65b6e6d95b
NOM017,NOM017/NOM017_requirement_ledger_canonical.csv,86,86,NOM017/NOM017_GATE_CANONICAL.json,PRESERVE,0,6507faf4da959ee2e5db115a15ab99de586e4c3d23b4de58529d38bd4ba00d2f
NOM018,NOM018/NOM018_requirement_ledger.csv,154,154,NOM018/NOM018_GATE.json,PRESERVE,0,8549f2ad7a6d3f72818c5600b5f9b745d8306fb75a837d7b8b28c944b2864977
NOM019,NOM019/NOM019_requirement_ledger.csv,156,156,NOM019/NOM019_GATE.json,PRESERVE,0,ea2828994df361174d23027f6d3084287d3e5aed6968ac331516f8db418166c9
NOM020,NOM020/NOM020_requirement_ledger.csv,217,217,NOM020/NOM020_GATE.json,PRESERVE,0,d4778d2f118b0d30c3c975e2aeeac67afc6834b655d5dba21c71b0c6158b072b
NOM022,NOM022/NOM022_requirement_ledger.csv,143,143,NOM022/NOM022_GATE.json,PRESERVE,0,4047209151b886eab9c38d9731161c52cb2f34f10ad1a61216e01b5fae31eb7b
NOM024,NOM024/NOM024_requirement_ledger.csv,85,85,NOM024/NOM024_GATE.json,PRESERVE,0,b68e5f064b6ff0ca0d74081a209cf9d4b91e3a6da69fb8ccba54c4fd7606b7e1
NOM025,NOM025/NOM025_requirement_ledger.csv,81,81,NOM025/NOM025_GATE.json,PRESERVE,0,50459ae683e9a2c61443ab9db155ab5c880edb487bc468b20519b690ac6cb8c1
NOM026,NOM026/NOM026_requirement_ledger.csv,90,90,NOM026/NOM026_GATE.json,PRESERVE,0,247c805dd10f9ff31969f2f4e2efb13ed769f887cd9c91d18b8047ae0df03c3e
NOM027,NOM027/NOM027_requirement_ledger.csv,113,113,NOM027/NOM027_GATE.json,PRESERVE,0,b897ea681b1912ccd8fbefc65be811369b9669f5119008c790019c3c03e5c08a
NOM028,NOM028/NOM028_requirement_ledger.csv,327,327,NOM028/NOM028_GATE.json,PRESERVE,0,031eead3e35b252f46fad98ff8a304e9497e1c700de7d183c5f6a2c6dec4af2d
NOM029,NOM029/NOM029_requirement_ledger.csv,268,268,NOM029/NOM029_GATE.json,PRESERVE,0,09dfaa287330ddfed4f6d96e97d327819573681c43242fb9eed606857deb360c
NOM030,NOM030/NOM030_requirement_ledger.csv,40,40,NOM030/NOM030_GATE.json,PRESERVE,0,96681a5e98d0e42886e1db9404bcc80b7b09eb9e42a286ea89f79eb980bb88dc
NOM033,NOM033/NOM033_requirement_ledger.csv,265,265,NOM033/NOM033_GATE.json,PRESERVE,0,ae194b74705bf13541d95aeb26020c66a45eacc63f053235cd129480005e53f6
NOM034,NOM034/NOM034_REQUIREMENT_LEDGER_CANON_FINAL.csv,91,91,NOM034/NOM034_GATE.json,PRESERVE,0,9fd4cb5aecc9b6bd4ab204e01a6b2fe6c31abc993473c51778d8f372ab0c8c33
NOM035,NOM035/NOM035_REQUIREMENT_LEDGER_CANON_FINAL.csv,189,189,NOM035/NOM035_GATE.json,PRESERVE,0,2c9632c0e4431a0cee984d1190b9554a5c281a3a857d04f3418badad35da24e0
NOM036,NOM036/NOM036_REQUIREMENT_LEDGER_CANON_FINAL.csv,167,167,NOM036/NOM036_GATE.json,PRESERVE,0,2a82ce5e161b0dfd3bb7abe686b4a6aab4f1a59f784d9a01dc10443dfe54bac4
LGVS,LGVS/LGVS_requirement_ledger.csv,38,38,LGVS/LGVS_GATE.json,PRESERVE,0,c3277e7e3f4b9b777d14b185820a6473e0dc472a1dea17eb2e3df71421631155
RLGVS,RLGVS/RLGVS_requirement_ledger.csv,50,50,RLGVS/RLGVS_GATE.json,PRESERVE,0,b8368bb6b9bfc698c6c048b03369d33330f0ef568ad89e3234a46887d75ba217
SEMARNAT052,SEMARNAT052/SEMARNAT052_requirement_ledger.csv,40,40,SEMARNAT052/SEMARNAT052_GATE.json,PRESERVE,0,1f50cf33059c3a35a32b4544f61e85ab4e8ab056339b6ffa58fc684d64935211
SEMARNAT002,SEMARNAT002/SEMARNAT002_requirement_ledger.csv,40,40,SEMARNAT002/SEMARNAT002_GATE.json,PRESERVE,0,000baa98770ba9d10e8ed76b3404b8b62bf2abb3a6a1c84b6ebcf677f37f8738
LGPGIR,LGPGIR/LGPGIR_requirement_ledger.csv,40,40,LGPGIR/LGPGIR_GATE.json,PRESERVE,0,6fd81eca9a590f043f063b00c0b98e2f344b38d1198209b197de0b19e829716e
SEGAM_RINP,SEGAM_RINP/SEGAM_RINP_requirement_ledger.csv,65,65,SEGAM_RINP/SEGAM_RINP_GATE.json,PRESERVE,0,5c8572e76428c44242e6315461c20aca7495be3f6a524010b596977cb88f0678
PCSLP,PCSLP/PC_SLP_REQUIREMENT_LEDGER.csv,55,55,PCSLP/PCSLP_CANONICAL_GATE.json,PRESERVE,0,93409d8b21c5d28be646be6a0f96524d2cee558fd93b6f4856ee8940e9e41754
WILDLIFE_TRACEABILITY,WILDLIFE_TRACEABILITY/WILDLIFE_TRACEABILITY_requirement_ledger.csv,8,8,WILDLIFE_TRACEABILITY/WILDLIFE_TRACEABILITY_GATE.json,PRESERVE,0,f14e5597928bd09eb47fa7a08613a56e702f9e65271504d557bfc7fde9b03f54
SEMARNAT08006,SEMARNAT08006/SEMARNAT08006_requirement_ledger.csv,27,27,SEMARNAT08006/SEMARNAT08006_GATE.json,PRESERVE,0,e4c2f69f5ad340d2e825478b7dde4a87114a99eacce61d5e80c62efd7e8894ed
SEMARNAT08009,SEMARNAT08009/SEMARNAT08009_requirement_ledger.csv,47,47,SEMARNAT08009/SEMARNAT08009_GATE.json,PRESERVE,0,a95344a98f97187cdc92e549f47917372b78b45ba2c6abe5be3ef43b01cb8248
SEMARNAT07017,SEMARNAT07017/SEMARNAT07017_requirement_ledger.csv,33,33,SEMARNAT07017/SEMARNAT07017_GATE.json,PRESERVE,0,cc56cf95ca7a95c5568df222d210ad3b76e3ae3fdcb64c9fdcc943d95d97ef12
ADMIN_FORM,ADMIN_FORM/ADMIN_FORM_requirement_ledger.csv,5,5,ADMIN_FORM/ADMIN_FORM_GATE.json,PRESERVE,0,ca3e02e378d7710bf8d93c1a276f06072b671f7e16ebde5cc47f09b4d1a03db9
SEGAM_POFF,SEGAM_POFF/SEGAM_POFF_requirement_ledger.csv,51,51,SEGAM_POFF/SEGAM_POFF_GATE.json,PRESERVE,0,5841a816a145507ed03560a8fd518c82fd0436174d8e70c83dfd15b233681da7
LGEC,LGEC/LGEC_REQUIREMENT_LEDGER_CANON_FINAL.csv,43,43,LGEC/LGEC_GATE.json,PRESERVE,0,a78f5051bdae74ad8827b4c526606c98f79a111f4cfe6d726f888ef6a26502ef
RFSST2014,RFSST2014/RFSST2014_requirement_ledger.csv,104,104,RFSST2014/RFSST2014_GATE.json,PRESERVE,0,9af335fd6d2aea52bc2545670e4a799f9c2b40c2280cb3941773e6678776d83c
LEGAL,LEGAL/ROCA_LEGAL_REQUIREMENT_MASTER.csv,67,67,LEGAL/LEGAL_GATE.json,PRESERVE,0,60fb0a1b087d3c4a5578bb531f48f59ef0c20fe2d217e38ea8708b7665e99cf5
SLP_ENV_IMPACT,SLP_ENV_IMPACT/SLP_ENV_IMPACT_requirement_ledger.csv,56,56,SLP_ENV_IMPACT/SLP_ENV_IMPACT_GATE.json,PRESERVE,0,efeb14c72190ee85535fa30d055f2d6f890d61a49dbf9f61e369a5345bd26b04
SLP_MUN_FUNCTION,SLP_MUN_FUNCTION/SLP_MUN_FUNCTION_requirement_ledger.csv,25,25,SLP_MUN_FUNCTION/SLP_MUN_FUNCTION_GATE.json,PRESERVE,0,78a2cf3aed0e22926eebc6cdd5e405c3b242f95f59e4ad14cc6db03617d7db61