"evidence_id","area_scope","p0_ids","req_ids","privacy_class","capture_exactly","what_it_proves","what_it_does_not_prove","owner","reviewer","evidence_type","status"
"EVID-TUE-ADM-01","MGMT","P0-001;P0-003","SLP-MUN-FUNC","RESTRICTED_LEGAL_WILDLIFE","Documento actual de giro/licencia comercial/funcionamiento + uso de suelo/factibilidad + número/estatus","Define antecedente municipal, giro declarado y ruta candidata (alta/refrendo/regularización).","No prueba que SARE aplique ni que la licencia esté jurídicamente vigente sin revisión del documento/portal.","Administración","Revisor independiente designado","DOCUMENT","NOT_VERIFIED"
"EVID-TUE-SITE-01","SITE","P0-002;P0-009","SLP-MUN-FUNC;SLP-MUN-CONST;SLP-PC-PIPC;SLP-PC-AFORO;STPS-002","INTERNAL_OPERATIONAL","Croquis/plano medido con superficie real del establecimiento, superficie usada por giro, uso por zona, ocupación/turnos, rutas y salidas","Permite decidir ruta municipal y resolver trigger/base física de PC/incendio.","No constituye aforo autorizado ni licencia de construcción/funcionamiento.","Guicho + Administración","Revisor independiente designado","MEASUREMENT;DOCUMENT;FIELD_OBSERVATION","NOT_VERIFIED"
"EVID-TUE-PROJ-01","SITE","P0-008","SLP-ENV-IA;SLP-MUN-CONST","INTERNAL_OPERATIONAL","Plano marcado + lista cerrada de modificaciones físicas propuestas, ubicación, alcance y si son reparación/modificación/obra","Activa el gate de licencia de obra e impacto/exención antes de ejecutar cambios.","No prueba que la intervención esté exenta ni autorizada.","Braulio + Guicho","Revisor independiente designado","DOCUMENT;FIELD_OBSERVATION","NOT_VERIFIED"
"EVID-TUE-WW-01","AREA-CUR/ALL","P0-004","SLP-ENV-WW-2026;SEM-WW;PHYS-WASTEWATER","INTERNAL_OPERATIONAL","Mapa físico de puntos de descarga sanitaria/pluvial/proceso; seguir Curtiduría hasta destino/operador; fotos contextuales","Define ruta real de descarga y autoridad/operador candidato.","No clasifica químicamente el efluente ni sustituye muestreo/permiso.","Guicho + responsable Curtiduría","Revisor independiente designado","FIELD_OBSERVATION;PHOTO;DOCUMENT","NOT_VERIFIED"
"EVID-TUE-ENV-01","ALL","P0-005;P0-006","SEM-052;SEM-0717;SLP-ENV-RINP;SLP-ENV-RME","INTERNAL_OPERATIONAL","Matriz por corriente: proceso, material, recipiente, ubicación, destino, frecuencia, peso/volumen por periodo y soporte de estimación anual","Permite clasificar corrientes y calcular triggers de registro/plan de manejo.","No determina peligrosidad sólo por apariencia ni sustituye análisis cuando técnicamente corresponda.","Guicho + César + Administración","Revisor independiente designado","FIELD_OBSERVATION;DOCUMENT;MEASUREMENT","NOT_VERIFIED"
"EVID-TUE-AIR-01","ALL","P0-007","SLP-ENV-AIR;STPS-010;PHYS-VENT","INTERNAL_OPERATIONAL","Inventario de procesos/equipos con humo, vapor, aerosol, polvo o combustión; producto/combustible, horas de operación, placa y punto de emisión/control","Permite resolver si hay fuentes candidatas y qué reconocimiento de exposición/ventilación procede.","No prueba jurisdicción ni cumplimiento de límites de emisión/exposición.","Guicho + responsables de área","Revisor independiente designado","FIELD_OBSERVATION;PHOTO;DOCUMENT","NOT_VERIFIED"
"EVID-TUE-FIRE-01","ALL","P0-010;P0-011","STPS-002;PHYS-FIRE","INTERNAL_OPERATIONAL","Inventario máximo por zona de inflamables/combustibles/sólidos + registro de cada extintor: ID, tipo/clase, capacidad, ubicación, señal, acceso, condición, servicio y recorridos medidos","Permite clasificar riesgo y calcular faltante/ubicación real de extintores.","No equivale por sí solo a dictamen externo, PIPC ni capacitación.","Guicho + César + responsables de área","Revisor independiente designado","FIELD_OBSERVATION;PHOTO;MEASUREMENT;DOCUMENT","NOT_VERIFIED"
"EVID-TUE-CHEM-01","CUR/FMR/MON/RET/BAS/SOL/BLA","P0-012;P0-013","STPS-005;STPS-018;STPS-017;STPS-010;PHYS-CHEM","INTERNAL_OPERATIONAL","Por producto real: etiqueta, fabricante, HDS, cantidad máxima, almacenamiento, punto de uso, tarea, peligro, EPP actual, talla/persona y control de ventilación","Permite especificar EPP, almacenamiento, gabinete/segregación y controles sin comprar a ciegas.","No prueba exposición cuantitativa ni compatibilidad si la HDS/mezcla no se ha revisado.","Responsable de cada área + César + Guicho","Revisor independiente designado","FIELD_OBSERVATION;PHOTO;DOCUMENT","NOT_VERIFIED"
"EVID-TUE-RET-01","AREA-RET","P0-014;P0-015","STPS-020;PHYS-PRESSURE;STPS-025;PHYS-LIGHT","INTERNAL_OPERATIONAL","Compresor/recipiente: placa, capacidad, presión, dispositivos, drenaje, reguladores, mangueras y uso simultáneo; lux en plano de tarea con instrumento identificado","Permite decidir aplicabilidad/capacidad del sistema de aire y correcciones reales de iluminación.","No prueba categoría legal del recipiente ni calibración del instrumento si no hay soporte.","Retoque + Guicho","Revisor independiente designado","PHOTO;MEASUREMENT;FIELD_OBSERVATION;DOCUMENT","NOT_VERIFIED"
"EVID-TUE-WILD-01","MGMT","P0-016","SEM-08006","RESTRICTED_LEGAL_WILDLIFE","Razón social/titular de operación + cualquier acuse/registro/antecedente SEMARNAT-08-006","Define si corresponde reconciliar antecedente, actualizar o preparar nueva incorporación.","No prueba por sí solo que el registro siga vigente o cubra una entidad distinta.","Administración","Revisor independiente designado","DOCUMENT;AUTHORITY_RECORD","NOT_VERIFIED"
"EVID-TUE-WILD-02","MGMT","P0-017","SEM-08009;CITES","RESTRICTED_LEGAL_WILDLIFE","Un caso real reciente/próximo: especie, parte/derivado, cantidad, origen, destino, legal procedencia, marcaje, operación y permisos/certificados","Permite construir un expediente real por operación y detectar requisitos CITES/SEMARNAT aplicables.","No generaliza a otras especies/operaciones ni sustituye clasificación CITES actual.","Administración + responsable wildlife","Revisor independiente designado","DOCUMENT;AUTHORITY_RECORD","NOT_VERIFIED"
"EVID-TUE-FORM-01","MGMT","P0-018","ADMIN_FORM","RESTRICTED_LEGAL_WILDLIFE","14 claves FORM_MASTER con fuente/evidencia de cada valor y reviewer; mantener originales restringidos","Habilita prefill controlado sin inventar datos recurrentes.","No autoriza firma, presentación ni reutilización si el dato cambió.","Administración","Revisor independiente designado","DOCUMENT","NOT_VERIFIED"
"EVID-TUE-BUY-01","BAS/RET/CUR","P0-019","ROCA_BUY_MASTER_2026-10-02","INTERNAL_OPERATIONAL","Por cada candidato del BUY MASTER registrar existente útil, condición, faltante neto, destino y especificación. Además: si source_decision_state=VERIFY_CONSUMPTION_FIRST, capturar consumo reciente trazable + cola de trabajo; VERIFY_PROJECT_QUEUE_FIRST, demanda de proyectos abiertos; VERIFY_LAYOUT_FIRST, dimensiones de estación + simultaneidad; VERIFY_PALETTE_FIRST, paleta/productos actuales; maquinaria, placa/guarda/condición cuando gobierne si el activo existente es utilizable.","Permite decidir faltante neto y cerrar el blocker específico de stock/consumo/cola/layout/paleta/activo existente antes de promover una línea.","No autoriza compra si permanece un gate R1 de EPP/químicos/incendio/receta, si el dato de consumo/cola/layout no tiene soporte, o si una máquina existente no tiene condición segura verificable.","César + Guicho","Revisor independiente designado","FIELD_OBSERVATION;DOCUMENT","NOT_VERIFIED"
"EVID-TUE-SEC-01","GOV","P0-020","R1-SOURCE-INTEGRITY","RESTRICTED_LEGAL_WILDLIFE","Read-back de permisos Drive después de retirar anyone:writer en root y COMPLIANCE_APP_DATA","Prueba que el blocker de escritura pública fue eliminado.","No prueba por sí solo integridad histórica; se conserva hash-lock y gate de release.","Propietario Drive","Revisor independiente designado","SYSTEM_RECORD","NOT_VERIFIED"
"EVID-TUE-PC-CONSULT-01","MGMT","P0-009","SLP-PC-CONSULT","RESTRICTED_LEGAL_WILDLIFE","Sólo si PIPC/estudio/autoridad activa consultor: nombre del consultor o empresa, número de registro, vigencia 2026, alcance del servicio y documento de corresponsabilidad/contratación cuando corresponda.","Cierra la rama de selección/verificación de consultor cuando el expediente realmente la activa.","No demuestra que ROCA requiera consultor; esa aplicabilidad se decide primero con P0-009/PIPC.","Administración","Revisor independiente designado","AUTHORITY_RECORD;DOCUMENT","NOT_VERIFIED"
"EVID-TUE-RECIPE-01","AREA-BAS","P0-019","ROCA_BUY_MASTER_2026-10-02;ITEM-BUY-033;PHYS-CHEM;STPS-005;STPS-018","INTERNAL_OPERATIONAL","Para Poliuretano A/B: producto A y B reales, fabricante/código/lote/etiqueta, HDS/ficha técnica, receta o fuente controlada vigente y evidencia que permita resolver el conflicto técnico 50/50 vs 30/70. Si sólo existe memoria verbal, registrar conflicto sin liberar compra/receta.","Identifica exactamente el sistema A/B y, sólo con fuente técnica/controlada suficiente y revisión, permite resolver qué producto/especificación puede comprarse.","Una etiqueta o HDS no demuestra por sí sola la proporción operativa; una declaración verbal aislada no cierra el conflicto de receta.","Bases + dueño técnico del proceso + César","Revisor independiente designado","DOCUMENT;PHOTO;FIELD_OBSERVATION","NOT_VERIFIED"
"EVID-TUE-CUR-PILOT-01","AREA-CUR","P0-019","ROCA_BUY_MASTER_2026-10-02;ITEM-BUY-045;CUR-HOLD-08;CUR-AREA-02","INTERNAL_OPERATIONAL","Para la hidrolavadora: documentar si existe equipo candidato, marca/modelo, regulación disponible, boquilla(s), presión/caudal especificados por fabricante y zonas de piel que se pretende tratar. No ejecutar prueba como parte de esta captura.","Define el equipo candidato y los parámetros que deberán entrar a una validación técnica separada antes de siquiera considerar la compra/uso.","No libera el piloto, no demuestra presión segura para piel ni autoriza uso en cara, labios, párpados, orejas, flancos, base de cola u otras zonas finas.","Curtiduría + Guicho","Dueño técnico + revisor independiente","DOCUMENT;PHOTO","NOT_VERIFIED"
