"item_id","name","specification","quantity","unit","historical_target","area","req_ids","why_required","source_evidence","priority","status","exact_blocker","owner","physical_destination","source_decision_state","last_verified"
"ITEM-BUY-001","Cinta métrica 5 m","Cinta métrica 5 m. Base recuperada: Cantidad histórica basada en 4 colaboradores; reconciliar personal/estaciones vigentes.","PENDING","PENDING","4","Bases/Retoque","PHYS-STATION","Candidato recuperado para ejecutar el método/estación sin improvisación; la brecha física aún debe verificarse.","ROCA 391P p.202; generated/roca-391/purchase-candidates.csv","P1","SPEC_PENDING","Contar existencias útiles por estación y registrar faltante neto; no comprar contra cantidad histórica.","Guicho + responsable de área","Bases/Retoque","VERIFY_STOCK_FIRST","2026-10-02"
"ITEM-BUY-002","Juego desarmadores + puntas","Juego desarmadores + puntas. Base recuperada: Cantidad histórica.","PENDING","PENDING","4 kits","Bases/Retoque","PHYS-STATION","Candidato recuperado para ejecutar el método/estación sin improvisación; la brecha física aún debe verificarse.","ROCA 391P p.202; generated/roca-391/purchase-candidates.csv","P1","SPEC_PENDING","Contar existencias útiles por estación y registrar faltante neto; no comprar contra cantidad histórica.","Guicho + responsable de área","Bases/Retoque","VERIFY_STOCK_FIRST","2026-10-02"
"ITEM-BUY-003","Juego llaves combinadas","Juego llaves combinadas. Base recuperada: Fuente menciona 1/2 y 9/16 como medidas observadas.","PENDING","PENDING","4 juegos","Bases/Retoque","PHYS-STATION","Candidato recuperado para ejecutar el método/estación sin improvisación; la brecha física aún debe verificarse.","ROCA 391P p.202; generated/roca-391/purchase-candidates.csv","P1","SPEC_PENDING","Contar existencias útiles por estación y registrar faltante neto; no comprar contra cantidad histórica.","Guicho + responsable de área","Bases/Retoque","VERIFY_STOCK_FIRST","2026-10-02"
"ITEM-BUY-004","Pinza punta/universal","Pinza punta/universal. Base recuperada: Cantidad histórica.","PENDING","PENDING","4","Bases/Retoque","PHYS-STATION","Candidato recuperado para ejecutar el método/estación sin improvisación; la brecha física aún debe verificarse.","ROCA 391P p.202; generated/roca-391/purchase-candidates.csv","P1","SPEC_PENDING","Contar existencias útiles por estación y registrar faltante neto; no comprar contra cantidad histórica.","Guicho + responsable de área","Bases/Retoque","VERIFY_STOCK_FIRST","2026-10-02"
"ITEM-BUY-005","Pinza de presión","Pinza de presión. Base recuperada: Cantidad histórica.","PENDING","PENDING","4","Bases","PHYS-STATION","Candidato recuperado para ejecutar el método/estación sin improvisación; la brecha física aún debe verificarse.","ROCA 391P p.203; generated/roca-391/purchase-candidates.csv","P1","SPEC_PENDING","Contar existencias útiles por estación y registrar faltante neto; no comprar contra cantidad histórica.","Guicho + responsable de área","Bases","VERIFY_STOCK_FIRST","2026-10-02"
"ITEM-BUY-006","Martillo de trabajo","Martillo de trabajo. Base recuperada: Cantidad histórica.","PENDING","PENDING","4","Bases","PHYS-STATION","Candidato recuperado para ejecutar el método/estación sin improvisación; la brecha física aún debe verificarse.","ROCA 391P p.203; generated/roca-391/purchase-candidates.csv","P1","SPEC_PENDING","Contar existencias útiles por estación y registrar faltante neto; no comprar contra cantidad histórica.","Guicho + responsable de área","Bases","VERIFY_STOCK_FIRST","2026-10-02"
"ITEM-BUY-007","Tijeras para malla","Tijeras para malla. Base recuperada: Cantidad histórica.","PENDING","PENDING","4","Bases","PHYS-STORAGE","Candidato recuperado para ejecutar el método/estación sin improvisación; la brecha física aún debe verificarse.","ROCA 391P p.203; generated/roca-391/purchase-candidates.csv","P1","SPEC_PENDING","Contar existencias útiles por estación y registrar faltante neto; no comprar contra cantidad histórica.","Guicho + responsable de área","Bases","VERIFY_STOCK_FIRST","2026-10-02"
"ITEM-BUY-008","Cuchillo/navaja de trabajo","Cuchillo/navaja de trabajo. Base recuperada: Cantidad histórica.","PENDING","PENDING","4","Bases","PHYS-STATION","Candidato recuperado para ejecutar el método/estación sin improvisación; la brecha física aún debe verificarse.","ROCA 391P p.203; generated/roca-391/purchase-candidates.csv","P1","SPEC_PENDING","Contar existencias útiles por estación y registrar faltante neto; no comprar contra cantidad histórica.","Guicho + responsable de área","Bases","VERIFY_STOCK_FIRST","2026-10-02"
"ITEM-BUY-009","Juego brocas madera/metal","Juego brocas madera/metal. Base recuperada: Confirmar diámetros realmente usados.","PENDING","PENDING","4 juegos","Bases","PHYS-STORAGE","Candidato recuperado para ejecutar el método/estación sin improvisación; la brecha física aún debe verificarse.","ROCA 391P p.203; generated/roca-391/purchase-candidates.csv","P1","SPEC_PENDING","Contar existencias útiles por estación y registrar faltante neto; no comprar contra cantidad histórica.","Guicho + responsable de área","Bases","VERIFY_STOCK_FIRST","2026-10-02"
"ITEM-BUY-010","Taladro/atornillador inalámbrico","Taladro/atornillador inalámbrico. Base recuperada: Confirmar estaciones y activos existentes.","PENDING","PENDING","4","Bases","PHYS-MACHINE;STPS-004","Candidato recuperado para ejecutar el método/estación sin improvisación; la brecha física aún debe verificarse.","ROCA 391P p.203; generated/roca-391/purchase-candidates.csv","P1","SPEC_PENDING","Contar existencias útiles por estación y registrar faltante neto; no comprar contra cantidad histórica.","Guicho + responsable de área","Bases","VERIFY_STOCK_FIRST","2026-10-02"
"ITEM-BUY-011","Juego pinceles de retoque","Juego pinceles de retoque. Base recuperada: Cantidad histórica.","PENDING","PENDING","4 juegos","Retoque","PHYS-STATION","Candidato recuperado para ejecutar el método/estación sin improvisación; la brecha física aún debe verificarse.","ROCA 391P p.203; generated/roca-391/purchase-candidates.csv","P1","SPEC_PENDING","Contar existencias útiles por estación y registrar faltante neto; no comprar contra cantidad histórica.","Guicho + responsable de área","Retoque","VERIFY_STOCK_FIRST","2026-10-02"
"ITEM-BUY-012","Aerógrafo","Aerógrafo. Base recuperada: Cantidad histórica; confirmar cuántos retocadores trabajan simultáneamente.","PENDING","PENDING","4","Retoque","PHYS-STATION","Candidato recuperado para ejecutar el método/estación sin improvisación; la brecha física aún debe verificarse.","ROCA 391P p.203; generated/roca-391/purchase-candidates.csv","P1","SPEC_PENDING","Contar existencias útiles por estación y registrar faltante neto; no comprar contra cantidad histórica.","Guicho + responsable de área","Retoque","VERIFY_STOCK_FIRST","2026-10-02"
"ITEM-BUY-013","Juego espátulas pequeñas/medianas","Juego espátulas pequeñas/medianas. Base recuperada: Cantidad histórica.","PENDING","PENDING","4 juegos","Bases/Retoque","PHYS-STATION","Candidato recuperado para ejecutar el método/estación sin improvisación; la brecha física aún debe verificarse.","ROCA 391P p.203; generated/roca-391/purchase-candidates.csv","P1","SPEC_PENDING","Contar existencias útiles por estación y registrar faltante neto; no comprar contra cantidad histórica.","Guicho + responsable de área","Bases/Retoque","VERIFY_STOCK_FIRST","2026-10-02"
"ITEM-BUY-014","Cepillo plástico/alambre","Cepillo plástico/alambre. Base recuperada: Cantidad histórica.","PENDING","PENDING","4 juegos","Bases/Retoque","PHYS-STATION","Candidato recuperado para ejecutar el método/estación sin improvisación; la brecha física aún debe verificarse.","ROCA 391P p.203; generated/roca-391/purchase-candidates.csv","P1","SPEC_PENDING","Contar existencias útiles por estación y registrar faltante neto; no comprar contra cantidad histórica.","Guicho + responsable de área","Bases/Retoque","VERIFY_STOCK_FIRST","2026-10-02"
"ITEM-BUY-015","Lentes + guantes de trabajo","Lentes + guantes de trabajo. Base recuperada: EPP se define por tarea/riesgo real, no por kit genérico.","PENDING","PENDING","4 juegos","Bases/Retoque","STPS-017","Candidato ligado a control de seguridad; compra bloqueada hasta cerrar riesgo/aplicabilidad y especificación.","ROCA 391P p.203; generated/roca-391/purchase-candidates.csv","P0","APPLICABILITY_PENDING","Cerrar peligro/tarea/producto/HDS y talla; seleccionar EPP por riesgo real.","Guicho + responsable de área","Bases/Retoque","VALIDATE_TASK_EPP","2026-10-02"
"ITEM-BUY-016","Respirador reutilizable","Respirador reutilizable. Base recuperada: Seleccionar filtros/cartuchos sólo después de contaminante, HDS y exposición real.","PENDING","PENDING","4","Retoque/Bases","STPS-017;STPS-010;PHYS-VENT","Candidato ligado a control de seguridad; compra bloqueada hasta cerrar riesgo/aplicabilidad y especificación.","ROCA 391P p.203; generated/roca-391/purchase-candidates.csv","P0","APPLICABILITY_PENDING","Cerrar aplicabilidad/riesgo, capacidad/compatibilidad y ubicación antes de comprar.","Guicho + responsable de área","Retoque/Bases","R1_VALIDATE_BEFORE_BUY","2026-10-02"
"ITEM-BUY-017","Compresor + línea regulada","Compresor + línea regulada. Base recuperada: Confirmar compresor real, placa, condición y necesidad de 4 salidas.","PENDING","PENDING","1 sistema / 4 salidas","Retoque","PHYS-PRESSURE;STPS-020","Candidato recuperado para ejecutar el método/estación sin improvisación; la brecha física aún debe verificarse.","ROCA 391P p.203; generated/roca-391/purchase-candidates.csv","P0","SPEC_PENDING","Identificar activo/sistema existente, placa, condición y capacidad antes de especificar ampliación o reemplazo.","Guicho + responsable de área","Retoque","VERIFY_EXISTING_SYSTEM","2026-10-02"
"ITEM-BUY-018","Pistola de pintura","Pistola de pintura. Base recuperada: Cantidad histórica.","PENDING","PENDING","2","Retoque","PHYS-CHEM;STPS-005;STPS-018","Candidato recuperado para ejecutar el método/estación sin improvisación; la brecha física aún debe verificarse.","ROCA 391P p.203; generated/roca-391/purchase-candidates.csv","P1","SPEC_PENDING","Contar existencias útiles por estación y registrar faltante neto; no comprar contra cantidad histórica.","Guicho + responsable de área","Retoque","VERIFY_STOCK_FIRST","2026-10-02"
"ITEM-BUY-019","Secadora/equipo de aire","Secadora/equipo de aire. Base recuperada: Confirmar uso real.","PENDING","PENDING","2","Retoque","PHYS-STATION","Candidato recuperado para ejecutar el método/estación sin improvisación; la brecha física aún debe verificarse.","ROCA 391P p.203; generated/roca-391/purchase-candidates.csv","P1","SPEC_PENDING","Contar existencias útiles por estación y registrar faltante neto; no comprar contra cantidad histórica.","Guicho + responsable de área","Retoque","VERIFY_STOCK_FIRST","2026-10-02"
"ITEM-BUY-020","Caladora","Caladora. Base recuperada: Confirmar si Bases o Carpintería será dueño canónico del activo.","PENDING","PENDING","2","Bases","PHYS-MACHINE;STPS-004","Candidato recuperado para ejecutar el método/estación sin improvisación; la brecha física aún debe verificarse.","ROCA 391P p.203; generated/roca-391/purchase-candidates.csv","P1","SPEC_PENDING","Contar existencias útiles por estación y registrar faltante neto; no comprar contra cantidad histórica.","Guicho + responsable de área","Bases","VERIFY_STOCK_FIRST","2026-10-02"
"ITEM-BUY-021","Sierra grande","Sierra grande. Base recuperada: Confirmar necesidad, ubicación y control de polvo.","PENDING","PENDING","1","Bases","PHYS-MACHINE;STPS-004","Candidato recuperado para ejecutar el método/estación sin improvisación; la brecha física aún debe verificarse.","ROCA 391P p.203; generated/roca-391/purchase-candidates.csv","P1","SPEC_PENDING","Contar existencias útiles por estación y registrar faltante neto; no comprar contra cantidad histórica.","Guicho + responsable de área","Bases","VERIFY_STOCK_FIRST","2026-10-02"
"ITEM-BUY-022","Pulidor/esmeril angular","Pulidor/esmeril angular. Base recuperada: Confirmar interfaz con Soldadura.","PENDING","PENDING","2","Bases","PHYS-MACHINE;STPS-004","Candidato recuperado para ejecutar el método/estación sin improvisación; la brecha física aún debe verificarse.","ROCA 391P p.203; generated/roca-391/purchase-candidates.csv","P1","SPEC_PENDING","Contar existencias útiles por estación y registrar faltante neto; no comprar contra cantidad histórica.","Guicho + responsable de área","Bases","VERIFY_STOCK_FIRST","2026-10-02"
"ITEM-BUY-023","Grapadora uso pesado","Grapadora uso pesado. Base recuperada: Confirmar sistema real de malla/costal.","PENDING","PENDING","2","Bases","PHYS-MACHINE;STPS-004;PHYS-STORAGE","Candidato recuperado para ejecutar el método/estación sin improvisación; la brecha física aún debe verificarse.","ROCA 391P p.203; generated/roca-391/purchase-candidates.csv","P1","SPEC_PENDING","Contar existencias útiles por estación y registrar faltante neto; no comprar contra cantidad histórica.","Guicho + responsable de área","Bases","VERIFY_STOCK_FIRST","2026-10-02"
"ITEM-BUY-024","Taladro servicio pesado","Taladro servicio pesado. Base recuperada: Confirmar necesidad real.","PENDING","PENDING","1","Bases","PHYS-MACHINE;STPS-004","Candidato recuperado para ejecutar el método/estación sin improvisación; la brecha física aún debe verificarse.","ROCA 391P p.203; generated/roca-391/purchase-candidates.csv","P1","SPEC_PENDING","Contar existencias útiles por estación y registrar faltante neto; no comprar contra cantidad histórica.","Guicho + responsable de área","Bases","VERIFY_STOCK_FIRST","2026-10-02"
"ITEM-BUY-025","Bandejas de mezcla reutilizables","Bandejas de mezcla reutilizables. Base recuperada: Objetivo histórico: dos por trabajador.","PENDING","PENDING","8","Bases/Retoque","PHYS-STORAGE","Candidato recuperado para ejecutar el método/estación sin improvisación; la brecha física aún debe verificarse.","ROCA 391P p.203; generated/roca-391/purchase-candidates.csv","P1","SPEC_PENDING","Contar existencias útiles por estación y registrar faltante neto; no comprar contra cantidad histórica.","Guicho + responsable de área","Bases/Retoque","VERIFY_STOCK_FIRST","2026-10-02"
"ITEM-BUY-026","Mesa/banco de armado","Mesa/banco de armado. Base recuperada: Confirmar layout, simultaneidad y dimensiones antes de fabricar/comprar.","PENDING","PENDING","2","Bases","PHYS-STATION","Candidato recuperado para ejecutar el método/estación sin improvisación; la brecha física aún debe verificarse.","ROCA 391P p.203; generated/roca-391/purchase-candidates.csv","P1","SPEC_PENDING","Medir estación/layout y simultaneidad real antes de fijar dimensiones o cantidad.","Guicho + responsable de área","Bases","VERIFY_LAYOUT_FIRST","2026-10-02"
"ITEM-BUY-027","Gabinete para inflamables/solventes","Gabinete para inflamables/solventes. Base recuperada: Primero inventario químico + HDS + compatibilidad/volumen real.","PENDING","PENDING","1","Retoque","PHYS-CHEM;STPS-005;STPS-018","Candidato ligado a control de seguridad; compra bloqueada hasta cerrar riesgo/aplicabilidad y especificación.","ROCA 391P p.203; generated/roca-391/purchase-candidates.csv","P0","APPLICABILITY_PENDING","Cerrar aplicabilidad/riesgo, capacidad/compatibilidad y ubicación antes de comprar.","Guicho + responsable de área","Retoque","R1_VALIDATE_BEFORE_BUY","2026-10-02"
"ITEM-BUY-028","Extintor ABC","Extintor ABC. Base recuperada: No comprar por conteo histórico: validar riesgo, distribución y cobertura vigente.","PENDING","PENDING","1 mínimo área","Bases/Retoque","PHYS-FIRE;STPS-002","Candidato ligado a control de seguridad; compra bloqueada hasta cerrar riesgo/aplicabilidad y especificación.","ROCA 391P p.203; generated/roca-391/purchase-candidates.csv","P0","APPLICABILITY_PENDING","Cerrar aplicabilidad/riesgo, capacidad/compatibilidad y ubicación antes de comprar.","Guicho + responsable de área","Bases/Retoque","R1_VALIDATE_BEFORE_BUY","2026-10-02"
"ITEM-BUY-029","Grapas","Grapas. Base recuperada: Stock objetivo histórico.","PENDING","PENDING","4 cajas + 1 reserva","Bases","PHYS-STORAGE","Candidato recuperado de operación/consumo; compra bloqueada hasta demostrar faltante neto y especificación vigente.","ROCA 391P p.204; generated/roca-391/purchase-candidates.csv","P2","SPEC_PENDING","Revisar consumo real, stock y cola de trabajo para calcular cantidad/punto de reposición.","César Morales (inventario) + responsable de área","Bases","VERIFY_CONSUMPTION_FIRST","2026-10-02"
"ITEM-BUY-030","Tornillos surtidos","Tornillos surtidos. Base recuperada: Separar por diámetro/longitud.","PENDING","PENDING","1 organizador/persona + reserva","Bases","PHYS-STORAGE","Candidato recuperado de operación/consumo; compra bloqueada hasta demostrar faltante neto y especificación vigente.","ROCA 391P p.204; generated/roca-391/purchase-candidates.csv","P2","SPEC_PENDING","Revisar consumo real, stock y cola de trabajo para calcular cantidad/punto de reposición.","César Morales (inventario) + responsable de área","Bases","VERIFY_CONSUMPTION_FIRST","2026-10-02"
"ITEM-BUY-031","Brocas de repuesto","Brocas de repuesto. Base recuperada: Stock objetivo histórico.","PENDING","PENDING","2 juegos reserva","Bases","PHYS-STORAGE","Candidato recuperado de operación/consumo; compra bloqueada hasta demostrar faltante neto y especificación vigente.","ROCA 391P p.204; generated/roca-391/purchase-candidates.csv","P2","SPEC_PENDING","Revisar consumo real, stock y cola de trabajo para calcular cantidad/punto de reposición.","César Morales (inventario) + responsable de área","Bases","VERIFY_CONSUMPTION_FIRST","2026-10-02"
"ITEM-BUY-032","Barniz brillante spray","Barniz brillante spray. Base recuperada: La fuente fotografió Sayer 425 ml; no fijar marca sin inventario/HDS vigente.","PENDING","PENDING","4 operativas + 2 reserva","Retoque","PHYS-CHEM;STPS-005;STPS-018","Candidato recuperado de operación/consumo; compra bloqueada hasta demostrar faltante neto y especificación vigente.","ROCA 391P p.204; generated/roca-391/purchase-candidates.csv","P2","APPLICABILITY_PENDING","Identificar producto comercial real, HDS vigente, consumo y almacenamiento antes de comprar.","César Morales (inventario) + responsable de área","Retoque","R1_VERIFY_PRODUCT_HDS","2026-10-02"
"ITEM-BUY-033","Poliuretano A/B","Poliuretano A/B. Base recuperada: No comprar/canonizar receta hasta cerrar producto y conflicto 50/50 vs 30/70.","PENDING","PENDING","1 operativo + 1 reserva","Bases","PHYS-CHEM;STPS-005;STPS-018","Candidato recuperado de operación/consumo; compra bloqueada hasta demostrar faltante neto y especificación vigente.","ROCA 391P p.204; generated/roca-391/purchase-candidates.csv","P2","APPLICABILITY_PENDING","No comprar/canonizar hasta cerrar producto y conflicto técnico de receta.","César Morales (inventario) + responsable de área","Bases","R1_HOLD_RECIPE_CONFLICT","2026-10-02"
"ITEM-BUY-034","Malla 8x8","Malla 8x8. Base recuperada: Entrevista primaria confirma malla 8x8.","PENDING","PENDING","1 rollo + 1 reserva","Bases","PHYS-STORAGE","Candidato recuperado de operación/consumo; compra bloqueada hasta demostrar faltante neto y especificación vigente.","ROCA 391P p.204; generated/roca-391/purchase-candidates.csv","P2","SPEC_PENDING","Revisar consumo real, stock y cola de trabajo para calcular cantidad/punto de reposición.","César Morales (inventario) + responsable de área","Bases","VERIFY_CONSUMPTION_FIRST","2026-10-02"
"ITEM-BUY-035","Triplay industrial 18 mm","Triplay industrial 18 mm. Base recuperada: 18 mm y cantidad son práctica/stock histórico, no especificación universal.","PENDING","PENDING","4 hojas mínimas","Bases","PHYS-STORAGE","Candidato recuperado de operación/consumo; compra bloqueada hasta demostrar faltante neto y especificación vigente.","ROCA 391P p.204; generated/roca-391/purchase-candidates.csv","P2","SPEC_PENDING","Revisar cola real de proyectos y stock útil antes de fijar cantidad.","César Morales (inventario) + responsable de área","Bases","VERIFY_PROJECT_QUEUE_FIRST","2026-10-02"
"ITEM-BUY-036","Dextrina","Dextrina. Base recuperada: Entrevista primaria confirma uso.","PENDING","PENDING","1 trabajo + 1 reserva","Bases","PHYS-STORAGE","Candidato recuperado de operación/consumo; compra bloqueada hasta demostrar faltante neto y especificación vigente.","ROCA 391P p.204; generated/roca-391/purchase-candidates.csv","P2","SPEC_PENDING","Revisar consumo real, stock y cola de trabajo para calcular cantidad/punto de reposición.","César Morales (inventario) + responsable de área","Bases","VERIFY_CONSUMPTION_FIRST","2026-10-02"
"ITEM-BUY-037","Blanco España","Blanco España. Base recuperada: Entrevista primaria confirma relación 2:1 con dextrina.","PENDING","PENDING","1 trabajo + 1 reserva","Bases","PHYS-STORAGE","Candidato recuperado de operación/consumo; compra bloqueada hasta demostrar faltante neto y especificación vigente.","ROCA 391P p.204; generated/roca-391/purchase-candidates.csv","P2","SPEC_PENDING","Revisar consumo real, stock y cola de trabajo para calcular cantidad/punto de reposición.","César Morales (inventario) + responsable de área","Bases","VERIFY_CONSUMPTION_FIRST","2026-10-02"
"ITEM-BUY-038","Tierra / arena","Tierra / arena. Base recuperada: Separar por textura/color.","PENDING","PENDING","2 contenedores de cada tipo","Bases","PHYS-STORAGE","Candidato recuperado de operación/consumo; compra bloqueada hasta demostrar faltante neto y especificación vigente.","ROCA 391P p.204; generated/roca-391/purchase-candidates.csv","P2","SPEC_PENDING","Revisar consumo real, stock y cola de trabajo para calcular cantidad/punto de reposición.","César Morales (inventario) + responsable de área","Bases","VERIFY_CONSUMPTION_FIRST","2026-10-02"
"ITEM-BUY-039","Pinturas base agua","Pinturas base agua. Base recuperada: Paleta vigente todavía no cerrada.","PENDING","PENDING","1 juego + blanco/negro reserva","Retoque/Bases","PHYS-CHEM;STPS-005;STPS-018","Candidato recuperado de operación/consumo; compra bloqueada hasta demostrar faltante neto y especificación vigente.","ROCA 391P p.204; generated/roca-391/purchase-candidates.csv","P2","SPEC_PENDING","Confirmar paleta/productos actuales antes de especificar compra.","César Morales (inventario) + responsable de área","Retoque/Bases","VERIFY_PALETTE_FIRST","2026-10-02"
"ITEM-BUY-040","Resistol blanco 800","Resistol blanco 800. Base recuperada: Entrevista primaria confirma uso en textura de nariz.","PENDING","PENDING","4 + 2 reserva","Retoque","PHYS-CHEM;STPS-005;STPS-018","Candidato recuperado de operación/consumo; compra bloqueada hasta demostrar faltante neto y especificación vigente.","ROCA 391P p.204; generated/roca-391/purchase-candidates.csv","P2","SPEC_PENDING","Revisar consumo real, stock y cola de trabajo para calcular cantidad/punto de reposición.","César Morales (inventario) + responsable de área","Retoque","VERIFY_CONSUMPTION_FIRST","2026-10-02"
"ITEM-BUY-041","Gasolina blanca","Gasolina blanca. Base recuperada: Confirmar cantidad, recipiente y almacenamiento según HDS.","PENDING","PENDING","1 operativo + 1 reserva","Retoque","PHYS-CHEM;STPS-005;STPS-018","Candidato recuperado de operación/consumo; compra bloqueada hasta demostrar faltante neto y especificación vigente.","ROCA 391P p.204; generated/roca-391/purchase-candidates.csv","P0","APPLICABILITY_PENDING","Identificar producto comercial real, HDS vigente, consumo y almacenamiento antes de comprar.","Guicho + responsable de área","Retoque","R1_VERIFY_PRODUCT_HDS","2026-10-02"
"ITEM-BUY-042","Manchas para cuerno","Manchas para cuerno. Base recuperada: Tonos históricos; confirmar uso actual.","PENDING","PENDING","1 juego roble/encino/roble oscuro","Retoque","PHYS-STORAGE","Candidato recuperado de operación/consumo; compra bloqueada hasta demostrar faltante neto y especificación vigente.","ROCA 391P p.204; generated/roca-391/purchase-candidates.csv","P2","SPEC_PENDING","Confirmar paleta/productos actuales antes de especificar compra.","César Morales (inventario) + responsable de área","Retoque","VERIFY_PALETTE_FIRST","2026-10-02"
"ITEM-BUY-043","Aceite para cuernos","Aceite para cuernos. Base recuperada: Entrevista primaria confirma uso.","PENDING","PENDING","2 envases","Retoque","PHYS-STORAGE","Candidato recuperado de operación/consumo; compra bloqueada hasta demostrar faltante neto y especificación vigente.","ROCA 391P p.204; generated/roca-391/purchase-candidates.csv","P2","SPEC_PENDING","Revisar consumo real, stock y cola de trabajo para calcular cantidad/punto de reposición.","César Morales (inventario) + responsable de área","Retoque","VERIFY_CONSUMPTION_FIRST","2026-10-02"
"ITEM-BUY-044","Guantes desechables","Guantes desechables. Base recuperada: Definir material/talla según químico y tarea.","PENDING","PENDING","1 caja por talla + 1 reserva","Retoque/Bases","STPS-017;PHYS-CHEM;STPS-005;STPS-018","Candidato ligado a control de seguridad; compra bloqueada hasta cerrar riesgo/aplicabilidad y especificación.","ROCA 391P p.204; generated/roca-391/purchase-candidates.csv","P0","APPLICABILITY_PENDING","Cerrar peligro/tarea/producto/HDS y talla; seleccionar EPP por riesgo real.","César Morales (inventario) + responsable de área","Retoque/Bases","VALIDATE_TASK_EPP","2026-10-02"
"ITEM-BUY-045","Hidrolavadora regulable","Hidrolavadora regulable. Base recuperada: La fuente dice explícitamente: no comprar/operar por PSI solo; validar equipo+boquilla+piel+prueba.","PENDING","PENDING","—","Curtiduría","CUR-HOLD-08;CUR-AREA-02","Candidato recuperado de operación/consumo; compra bloqueada hasta demostrar faltante neto y especificación vigente.","ROCA 391P p.75; generated/roca-391/purchase-candidates.csv","P0","APPLICABILITY_PENDING","Piloto no liberado; validar equipo, boquilla, presión y zona de uso antes de considerar compra.","Guicho + responsable de área","Curtiduría","DO_NOT_BUY_YET","2026-10-02"
