hold_id,area,status,evidence_id,closed_date,reviewer,resolution_note
CUR-HOLD-02,area-curtiduria,OPEN,,,,
CUR-HOLD-03,area-curtiduria,OPEN,,,,
CUR-HOLD-04,area-curtiduria,OPEN,,,,
CUR-HOLD-05,area-curtiduria,OPEN,,,,
CUR-HOLD-06,area-curtiduria,OPEN,,,,
CUR-HOLD-07,area-curtiduria,OPEN,,,,
CUR-HOLD-08,area-curtiduria,OPEN,,,,
MON-HOLD-01,area-montaje,OPEN,,,,
MON-HOLD-02,area-montaje,OPEN,,,,
MON-HOLD-03,area-montaje,OPEN,,,,
MON-HOLD-04,area-montaje,OPEN,,,,
MON-HOLD-05,area-montaje,OPEN,,,,
MON-HOLD-06,area-montaje,OPEN,,,,
MON-HOLD-07,area-montaje,OPEN,,,,
MON-HOLD-08,area-montaje,OPEN,,,,
MON-HOLD-09,area-montaje,OPEN,,,,
RET-HOLD-01,area-retoque,OPEN,,,,
RET-HOLD-02,area-retoque,OPEN,,,,
RET-HOLD-03,area-retoque,OPEN,,,,
RET-HOLD-04,area-retoque,OPEN,,,,
RET-HOLD-05,area-retoque,OPEN,,,,
RET-HOLD-06,area-retoque,OPEN,,,,
RET-HOLD-07,area-retoque,OPEN,,,,
RET-HOLD-08,area-retoque,OPEN,,,,
RET-HOLD-09,area-retoque,OPEN,,,,
RET-HOLD-10,area-retoque,OPEN,,,,
BAS-HOLD-01,area-bases,OPEN,,,,
BAS-HOLD-02,area-bases,OPEN,,,,
BAS-HOLD-03,area-bases,OPEN,,,,
BAS-HOLD-04,area-bases,OPEN,,,,
BAS-HOLD-05,area-bases,OPEN,,,,
BAS-HOLD-07,area-bases,OPEN,,,,
BAS-HOLD-08,area-bases,OPEN,,,,
BAS-HOLD-09,area-bases,OPEN,,,,
BAS-HOLD-10,area-bases,OPEN,,,,
BAS-HOLD-11,area-bases,OPEN,,,,
FMR-HOLD-01,area-fmr,OPEN,,,,
FMR-HOLD-02,area-fmr,OPEN,,,,
FMR-HOLD-03,area-fmr,OPEN,,,,
FMR-HOLD-04,area-fmr,OPEN,,,,
FMR-HOLD-05,area-fmr,OPEN,,,,
FMR-HOLD-06,area-fmr,OPEN,,,,
FMR-HOLD-07,area-fmr,OPEN,,,,
FMR-HOLD-08,area-fmr,OPEN,,,,
FMR-HOLD-09,area-fmr,OPEN,,,,
REC-HOLD-01,area-recepcion,OPEN,,,,
REC-HOLD-02,area-recepcion,OPEN,,,,
REC-HOLD-03,area-recepcion,OPEN,,,,
REC-HOLD-04,area-recepcion,OPEN,,,,
CAR-HOLD-01,area-carpinteria,OPEN,,,,
CAR-HOLD-02,area-carpinteria,OPEN,,,,
CAR-HOLD-03,area-carpinteria,OPEN,,,,
CAR-HOLD-04,area-carpinteria,OPEN,,,,
CAR-HOLD-05,area-carpinteria,OPEN,,,,
CAR-HOLD-06,area-carpinteria,OPEN,,,,
CAR-HOLD-07,area-carpinteria,OPEN,,,,
CAR-HOLD-08,area-carpinteria,OPEN,,,,
CAR-HOLD-09,area-carpinteria,OPEN,,,,
CAR-HOLD-10,area-carpinteria,OPEN,,,,
CAR-HOLD-11,area-carpinteria,OPEN,,,,
CAR-HOLD-12,area-carpinteria,OPEN,,,,
CAR-HOLD-13,area-carpinteria,OPEN,,,,
SOL-HOLD-01,area-soldadura,OPEN,,,,
SOL-HOLD-02,area-soldadura,OPEN,,,,
SOL-HOLD-03,area-soldadura,OPEN,,,,
SOL-HOLD-04,area-soldadura,OPEN,,,,
SOL-HOLD-05,area-soldadura,OPEN,,,,
SOL-HOLD-06,area-soldadura,OPEN,,,,
SOL-HOLD-07,area-soldadura,OPEN,,,,
BLA-HOLD-01,area-blanqueado,OPEN,,,,
BLA-HOLD-02,area-blanqueado,OPEN,,,,
BLA-HOLD-03,area-blanqueado,OPEN,,,,
BLA-HOLD-04,area-blanqueado,OPEN,,,,
BLA-HOLD-05,area-blanqueado,OPEN,,,,
BLA-HOLD-06,area-blanqueado,OPEN,,,,
BLA-HOLD-07,area-blanqueado,OPEN,,,,
SUP-HOLD-01,area-soporte,OPEN,,,,
SUP-HOLD-02,area-soporte,OPEN,,,,
SUP-HOLD-03,area-soporte,OPEN,,,,
SUP-HOLD-04,area-soporte,OPEN,,,,
SUP-HOLD-05,area-soporte,OPEN,,,,
SUP-HOLD-06,area-soporte,OPEN,,,,
SUP-HOLD-07,area-soporte,OPEN,,,,

