"p0_id","domain","front","exact_fact_needed","evidence_to_capture","req_ids","owner","closure_use","priority"
"P0-001","SITE","Municipio/licencia","Giro exacto declarado y operado","Documento/licencia actual + observación","SLP-MUN-FUNC","Administración","Elegir ruta municipal y determinar si SARE siquiera es candidato","P0"
"P0-002","SITE","Municipio/licencia","Superficie real del establecimiento y superficie usada para el giro","Plano/croquis medido + documento existente","SLP-MUN-FUNC;SLP-MUN-CONST","Guicho + Administración","Cerrar ruta de funcionamiento y gate de obra","P0"
"P0-003","SITE","Municipio/licencia","Número/estatus de licencia comercial, funcionamiento y uso de suelo/factibilidad existentes","Expediente municipal actual","SLP-MUN-FUNC","Administración","Reconciliar si es alta, refrendo, regularización o actualización","P0"
"P0-004","ENV","Descargas","Mapa físico de cada descarga: sanitaria, pluvial y proceso; destino/operador","Recorrido + fotos + croquis; Curtiduría prioritaria","SLP-ENV-WW-2026;SEM-WW;PHYS-WASTEWATER","Guicho + responsable Curtiduría","Determinar autoridad, muestreo y expediente aplicable","P0"
"P0-005","ENV","Residuos","Lista de corrientes reales por proceso, recipiente, destino y frecuencia","Recorrido + inventario + comprobantes existentes","SEM-052;SEM-0717;SLP-ENV-RINP;SLP-ENV-RME","Guicho + César","Clasificar y decidir registros/plan de manejo","P0"
"P0-006","ENV","Residuos","Cantidad anual estimada/medida por cada corriente relevante","Pesajes/registros/estimación trazable por periodo","SEM-0717;SLP-ENV-RME","César + Administración","Determinar categoría/trigger por volumen anual","P0"
"P0-007","ENV","Fuentes fijas","Inventario de procesos/equipos que emitan humo, vapor, polvo, aerosol o combustión y horas de operación","Recorrido + placa + producto/proceso","SLP-ENV-AIR;STPS-010;PHYS-VENT","Guicho + responsables de área","Resolver jurisdicción y necesidad de POFF/COA/evaluación","P0"
"P0-008","ENV","Impacto/obra","Lista cerrada de modificaciones físicas que realmente se pretenden ejecutar antes del martes y después","Plano marcado + descripción por intervención","SLP-ENV-IA;SLP-MUN-CONST","Braulio + Guicho","Evitar ejecutar obra que active licencia/evaluación sin gate previo","P0"
"P0-009","PC","Protección Civil","Uso real del inmueble, aforo operativo razonable, superficies, rutas y ocupación por zona","Recorrido + plano + plantilla/turnos","SLP-PC-PIPC;SLP-PC-AFORO;STPS-002","Guicho + Administración","Resolver trigger de PIPC y expediente de PC","P0"
"P0-010","FIRE","Incendio","Inventario máximo de inflamables/combustibles/sólidos combustibles por zona","Inventario químico/material + cantidades máximas","STPS-002;PHYS-FIRE","César + responsables de área","Clasificar riesgo antes de comprar/ubicar extintores","P0"
"P0-011","FIRE","Incendio","Cada extintor existente: tipo/clase, capacidad, ubicación, señal, acceso, condición y recorrido desde puntos críticos","Fotos + medición de recorrido + registro","STPS-002;PHYS-FIRE","Guicho","Calcular faltante neto y ubicación real; alimentar BUY MASTER","P0"
"P0-012","CHEM","Químicos/HDS","Inventario de producto comercial real por Curtiduría, FMR, Montaje, Retoque, Bases, Soldadura y Blanqueado","Etiqueta legible + HDS + ubicación + cantidad máxima","STPS-005;STPS-018;STPS-017;STPS-010","Responsable de cada área + César","Especificar EPP, gabinete, ventilación y almacenamiento; alimentar BUY MASTER","P0"
"P0-013","PPE","EPP","Tarea ↔ químico/peligro ↔ EPP actual ↔ talla/persona","Observación de tarea + HDS + inventario EPP","STPS-017","Guicho + responsable de área","Comprar sólo faltante y tipo compatible","P0"
"P0-014","ASSET","Compresor/presión","Placa del compresor/recipiente, capacidad, presión, dispositivos, drenaje, condición y uso simultáneo","Fotos de placa/sistema + inspección","STPS-020;PHYS-PRESSURE","Retoque + Guicho","Resolver aplicabilidad y decidir si falta sistema/salidas","P0"
"P0-015","LIGHT","Iluminación","Lux en plano real de tarea por estación crítica; instrumento identificado","Lectura + tarea + fecha + instrumento","STPS-025;PHYS-LIGHT","Guicho + responsable de área","Definir corrección sólo donde falle la medición","P1"
"P0-016","WILDLIFE","Vida silvestre","Razón social/titular bajo el que opera ROCA y cualquier antecedente de SEMARNAT-08-006","Documento restringido/acuse/registro previo","SEM-08006","Administración","Decidir actualización/reconciliación o nueva incorporación","P0"
"P0-017","WILDLIFE","Operación internacional","Un caso real reciente o próximo: especie, parte, origen, destino, legal procedencia, marcaje y CITES si aplica","Expediente restringido de una operación","SEM-08009;CITES","Administración + responsable wildlife","Construir paquete por operación concreta, no genérico","P1"
"P0-018","FORM","FORM_MASTER","Valores de las 14 claves con EVID-ID y reviewer, sin exponer datos restringidos en superficie pública","Dossier restringido + evidencia por campo","ADMIN_FORM","Administración","Habilitar prefill real de trámites sin inventar datos","P0"
"P0-019","BUY","Inventario de compras","Conteo útil por estación para los 45 candidatos del BUY MASTER","Conteo físico + condición + destino","ROCA_BUY_MASTER_2026-10-02","César + Guicho","Calcular faltante neto y promover líneas de SPEC_PENDING a BUY_READY sólo con prueba","P0"
"P0-020","DRIVE","Seguridad de fuente","Retirar acceso anyone:writer del root ROCA Audit y COMPLIANCE_APP_DATA; volver a leer permisos","Metadata de permisos Drive","R1-SOURCE-INTEGRITY","Propietario Drive","Eliminar blocker de integridad del canon compartido","P0"
