hold_id,area,department,hold_type,canonical_home,blocks_standard_definition,blocks_current_audit,blocks_implementation_design,status,source_text,routing_reason
"CUR-HOLD-02","area-curtiduria","Curtiduría","DEFINE_STANDARD","Estándar permanente / metodología / criterio técnico","YES","NO","NO","OPEN","Identificar el instrumento o método real de pH y su estado/verificación aplicable.","Falta un parámetro, método, criterio o regla necesaria para definir de forma exacta cómo debe quedar."
"CUR-HOLD-03","area-curtiduria","Curtiduría","AUDIT_CURRENT_STATE","AUDITORIA / evidencia de campo","NO","YES","NO","OPEN","Confirmar productos y HDS exactos.","Verifica condición, inventario, medición o evidencia actual; no redefine por sí sola el estándar permanente."
"CUR-HOLD-04","area-curtiduria","Curtiduría","DEFINE_STANDARD","Estándar permanente / metodología / criterio técnico","YES","NO","NO","OPEN","Cerrar balance de baños/residuos y destino.","Falta un parámetro, método, criterio o regla necesaria para definir de forma exacta cómo debe quedar."
"CUR-HOLD-05","area-curtiduria","Curtiduría","AUDIT_CURRENT_STATE","AUDITORIA / evidencia de campo","NO","YES","NO","OPEN","Verificar ventilación y drenaje.","Verifica condición, inventario, medición o evidencia actual; no redefine por sí sola el estándar permanente."
"CUR-HOLD-06","area-curtiduria","Curtiduría","AUDIT_CURRENT_STATE","AUDITORIA / evidencia de campo","NO","YES","NO","OPEN","Completar inventario/evidencia de activos y competencia.","Verifica condición, inventario, medición o evidencia actual; no redefine por sí sola el estándar permanente."
"CUR-HOLD-07","area-curtiduria","Curtiduría","DEFINE_STANDARD","Estándar permanente / metodología / criterio técnico","YES","NO","NO","OPEN","ALUM-Tan reconstruido: no liberar calculador operativo hasta recuperar el Excel original o validar documentalmente con el dueño técnico todas las fórmulas y la segunda adición de alumbre.","Falta un parámetro, método, criterio o regla necesaria para definir de forma exacta cómo debe quedar."
"CUR-HOLD-08","area-curtiduria","Curtiduría","DEFINE_STANDARD","Estándar permanente / metodología / criterio técnico","YES","NO","NO","OPEN","Mantener el piloto de agua a presión fuera de rutina hasta validación documentada.","Falta un parámetro, método, criterio o regla necesaria para definir de forma exacta cómo debe quedar."
"MON-HOLD-01","area-montaje","Montaje","AUDIT_CURRENT_STATE","AUDITORIA / evidencia de campo","NO","YES","NO","OPEN","Cerrar inventario real de estaciones y asignación persona ↔ estación, incluyendo Ricardo/Eugenio.","Verifica condición, inventario, medición o evidencia actual; no redefine por sí sola el estándar permanente."
"MON-HOLD-02","area-montaje","Montaje","DEFINE_STANDARD","Estándar permanente / metodología / criterio técnico","YES","NO","NO","OPEN","Definir el criterio de iluminación por tarea real mediante medición y Bibliografía aplicable; no fijar referencias sólo por percepción.","Falta un parámetro, método, criterio o regla necesaria para definir de forma exacta cómo debe quedar."
"MON-HOLD-03","area-montaje","Montaje","AUDIT_CURRENT_STATE","AUDITORIA / evidencia de campo","NO","YES","NO","OPEN","Cruzar HDS, inventario y ventilación real para Bondo, catalizador, fibra, adhesivos y otros productos.","Verifica condición, inventario, medición o evidencia actual; no redefine por sí sola el estándar permanente."
"MON-HOLD-04","area-montaje","Montaje","DEFINE_STANDARD","Estándar permanente / metodología / criterio técnico","YES","NO","NO","OPEN","Cerrar sistema exacto de fijación estructural de cuernos/astas por tipo de pieza.","Falta un parámetro, método, criterio o regla necesaria para definir de forma exacta cómo debe quedar."
"MON-HOLD-05","area-montaje","Montaje","DEFINE_STANDARD","Estándar permanente / metodología / criterio técnico","YES","NO","NO","OPEN","Cerrar proporción Bondo/catalizador para orejas desde fuente controlada; no inventar.","Falta un parámetro, método, criterio o regla necesaria para definir de forma exacta cómo debe quedar."
"MON-HOLD-06","area-montaje","Montaje","DEFINE_STANDARD","Estándar permanente / metodología / criterio técnico","YES","NO","NO","OPEN","Confirmar producto exacto del adhesivo/pegamento americano.","Falta un parámetro, método, criterio o regla necesaria para definir de forma exacta cómo debe quedar."
"MON-HOLD-07","area-montaje","Montaje","DEFINE_STANDARD","Estándar permanente / metodología / criterio técnico","YES","NO","NO","OPEN","Cerrar tabla de selección de hilo/aguja por espesor, tipo de piel y zona cuando cambie.","Falta un parámetro, método, criterio o regla necesaria para definir de forma exacta cómo debe quedar."
"MON-HOLD-08","area-montaje","Montaje","DEFINE_STANDARD","Estándar permanente / metodología / criterio técnico","YES","NO","NO","OPEN","Confirmar herramienta exacta de medición y qué medidas requieren trazabilidad metrológica formal.","Falta un parámetro, método, criterio o regla necesaria para definir de forma exacta cómo debe quedar."
"MON-HOLD-09","area-montaje","Montaje","DEFINE_STANDARD","Estándar permanente / metodología / criterio técnico","YES","NO","NO","OPEN","Construir matriz persona × operación después de cerrar asignación real y criterio de liberación; no inventar niveles.","Falta un parámetro, método, criterio o regla necesaria para definir de forma exacta cómo debe quedar."
"RET-HOLD-01","area-retoque","Retoque","SYSTEM_RECORD","Gobernanza / BIWO / registro controlado","SECTION_ONLY","YES","NO","OPEN","Reconciliar nombre correcto Valerio/Valentino.","Falta identidad, estado o registro exacto; bloquea la capa de trazabilidad correspondiente, no la condición física general del área."
"RET-HOLD-02","area-retoque","Retoque","AUDIT_CURRENT_STATE","AUDITORIA / evidencia de campo","NO","YES","NO","OPEN","Confirmar estaciones reales de Rodolfo Jr., Emiliano, Valerio/Valentino y Señor Pez.","Verifica condición, inventario, medición o evidencia actual; no redefine por sí sola el estándar permanente."
"RET-HOLD-03","area-retoque","Retoque","AUDIT_CURRENT_STATE","AUDITORIA / evidencia de campo","NO","YES","NO","OPEN","Levantar productos, marcas y HDS realmente vigentes.","Verifica condición, inventario, medición o evidencia actual; no redefine por sí sola el estándar permanente."
"RET-HOLD-04","area-retoque","Retoque","AUDIT_CURRENT_STATE","AUDITORIA / evidencia de campo","NO","YES","NO","OPEN","Cerrar ventilación/extracción por producto y proceso.","Verifica condición, inventario, medición o evidencia actual; no redefine por sí sola el estándar permanente."
"RET-HOLD-05","area-retoque","Retoque","AUDIT_CURRENT_STATE","AUDITORIA / evidencia de campo","NO","YES","NO","OPEN","Identificar compresor, placa, accesorios y condición; resolver la aplicabilidad técnica en Bibliografía.","Verifica condición, inventario, medición o evidencia actual; no redefine por sí sola el estándar permanente."
"RET-HOLD-06","area-retoque","Retoque","AUDIT_CURRENT_STATE","AUDITORIA / evidencia de campo","NO","YES","NO","OPEN","Levantar iluminancia en tarea real; no usar 750/1000 lux como cierre automático.","Verifica condición, inventario, medición o evidencia actual; no redefine por sí sola el estándar permanente."
"RET-HOLD-07","area-retoque","Retoque","DEFINE_STANDARD","Estándar permanente / metodología / criterio técnico","YES","NO","NO","OPEN","Cerrar paleta real de pinturas/tonos y criterio de comparación.","Falta un parámetro, método, criterio o regla necesaria para definir de forma exacta cómo debe quedar."
"RET-HOLD-08","area-retoque","Retoque","AUDIT_CURRENT_STATE","AUDITORIA / evidencia de campo","NO","YES","NO","OPEN","Confirmar inventario real de aerógrafos, pistola y secadora y mantenimiento aplicable.","Verifica condición, inventario, medición o evidencia actual; no redefine por sí sola el estándar permanente."
"RET-HOLD-09","area-retoque","Retoque","SYSTEM_RECORD","Gobernanza / BIWO / registro controlado","SECTION_ONLY","YES","NO","OPEN","Cerrar criterios/estado BIWO de ingreso, devolución, terminación y transferencia.","Falta identidad, estado o registro exacto; bloquea la capa de trazabilidad correspondiente, no la condición física general del área."
"RET-HOLD-10","area-retoque","Retoque","AUDIT_CURRENT_STATE","AUDITORIA / evidencia de campo","NO","YES","NO","OPEN","Completar evidencia de campo y competencia.","Verifica condición, inventario, medición o evidencia actual; no redefine por sí sola el estándar permanente."
"BAS-HOLD-01","area-bases","Bases","AUDIT_CURRENT_STATE","AUDITORIA / evidencia de campo","NO","YES","NO","OPEN","Confirmar responsable y estaciones reales de Bases.","Verifica condición, inventario, medición o evidencia actual; no redefine por sí sola el estándar permanente."
"BAS-HOLD-02","area-bases","Bases","IMPLEMENT_DECISION","Definición de diseño / organización antes de implementar","YES","NO","YES","OPEN","Cerrar frontera física/operativa con Carpintería.","Hace falta decidir la condición objetivo antes de poder auditarla o implementarla sin inventar."
"BAS-HOLD-03","area-bases","Bases","AUDIT_CURRENT_STATE","AUDITORIA / evidencia de campo","NO","YES","NO","OPEN","Levantar inventario real de herramienta/equipo.","Verifica condición, inventario, medición o evidencia actual; no redefine por sí sola el estándar permanente."
"BAS-HOLD-04","area-bases","Bases","DEFINE_STANDARD","Estándar permanente / metodología / criterio técnico","YES","NO","NO","OPEN","Definir capacidad/criterio estructural de planchas, bancos, ruedas, tornillería y fijaciones por proyecto real.","Falta un parámetro, método, criterio o regla necesaria para definir de forma exacta cómo debe quedar."
"BAS-HOLD-05","area-bases","Bases","DEFINE_STANDARD","Estándar permanente / metodología / criterio técnico","YES","NO","NO","OPEN","Identificar producto/HDS/receta real de poliuretano para Bases.","Falta un parámetro, método, criterio o regla necesaria para definir de forma exacta cómo debe quedar."
"BAS-HOLD-07","area-bases","Bases","AUDIT_CURRENT_STATE","AUDITORIA / evidencia de campo","NO","YES","NO","OPEN","Verificar ventilación/extracción y control de polvo.","Verifica condición, inventario, medición o evidencia actual; no redefine por sí sola el estándar permanente."
"BAS-HOLD-08","area-bases","Bases","AUDIT_CURRENT_STATE","AUDITORIA / evidencia de campo","NO","YES","NO","OPEN","Observar método real de manipulación de piezas pesadas.","Verifica condición, inventario, medición o evidencia actual; no redefine por sí sola el estándar permanente."
"BAS-HOLD-09","area-bases","Bases","SYSTEM_RECORD","Gobernanza / BIWO / registro controlado","SECTION_ONLY","YES","NO","OPEN","Cerrar criterios/estado BIWO exactos.","Falta identidad, estado o registro exacto; bloquea la capa de trazabilidad correspondiente, no la condición física general del área."
"BAS-HOLD-10","area-bases","Bases","AUDIT_CURRENT_STATE","AUDITORIA / evidencia de campo","NO","YES","NO","OPEN","Completar evidencia de estabilidad y competencia.","Verifica condición, inventario, medición o evidencia actual; no redefine por sí sola el estándar permanente."
"BAS-HOLD-11","area-bases","Bases","DEFINE_STANDARD","Estándar permanente / metodología / criterio técnico","YES","NO","NO","OPEN","Validar si 18 mm, dos capas/ruedas y otras prácticas históricas siguen vigentes por tipo de proyecto.","Falta un parámetro, método, criterio o regla necesaria para definir de forma exacta cómo debe quedar."
"FMR-HOLD-01","area-fmr","Formas, Moldes y Réplicas","AUDIT_CURRENT_STATE","AUDITORIA / evidencia de campo","NO","YES","NO","OPEN","Cerrar inventario/codificación real y rack.","Verifica condición, inventario, medición o evidencia actual; no redefine por sí sola el estándar permanente."
"FMR-HOLD-02","area-fmr","Formas, Moldes y Réplicas","DEFINE_STANDARD","Estándar permanente / metodología / criterio técnico","YES","NO","NO","OPEN","Confirmar productos/HDS y formulaciones controladas vigentes.","Falta un parámetro, método, criterio o regla necesaria para definir de forma exacta cómo debe quedar."
"FMR-HOLD-03","area-fmr","Formas, Moldes y Réplicas","AUDIT_CURRENT_STATE","AUDITORIA / evidencia de campo","NO","YES","NO","OPEN","Verificar ventilación/extracción real.","Verifica condición, inventario, medición o evidencia actual; no redefine por sí sola el estándar permanente."
"FMR-HOLD-04","area-fmr","Formas, Moldes y Réplicas","AUDIT_CURRENT_STATE","AUDITORIA / evidencia de campo","NO","YES","NO","OPEN","Completar mantenimiento e inventario real de activos.","Verifica condición, inventario, medición o evidencia actual; no redefine por sí sola el estándar permanente."
"FMR-HOLD-05","area-fmr","Formas, Moldes y Réplicas","DEFINE_STANDARD","Estándar permanente / metodología / criterio técnico","YES","NO","NO","OPEN","Cerrar criterios exactos de aceptación por familia.","Falta un parámetro, método, criterio o regla necesaria para definir de forma exacta cómo debe quedar."
"FMR-HOLD-06","area-fmr","Formas, Moldes y Réplicas","SYSTEM_RECORD","Gobernanza / BIWO / registro controlado","SECTION_ONLY","YES","NO","OPEN","Cerrar estados BIWO exactos.","Falta identidad, estado o registro exacto; bloquea la capa de trazabilidad correspondiente, no la condición física general del área."
"FMR-HOLD-07","area-fmr","Formas, Moldes y Réplicas","AUDIT_CURRENT_STATE","AUDITORIA / evidencia de campo","NO","YES","NO","OPEN","Capturar evidencia real de prueba, dosificación y curado.","Verifica condición, inventario, medición o evidencia actual; no redefine por sí sola el estándar permanente."
"FMR-HOLD-08","area-fmr","Formas, Moldes y Réplicas","DEFINE_STANDARD","Estándar permanente / metodología / criterio técnico","YES","NO","NO","OPEN","Confirmar en campo qué referencias de tiempo/programación siguen gobernando la práctica actual antes de liberar el método.","Falta un parámetro, método, criterio o regla necesaria para definir de forma exacta cómo debe quedar."
"FMR-HOLD-09","area-fmr","Formas, Moldes y Réplicas","DEFINE_STANDARD","Estándar permanente / metodología / criterio técnico","YES","NO","NO","OPEN","Definir la verificación aplicable de la báscula antes de liberar el control metrológico.","Falta un parámetro, método, criterio o regla necesaria para definir de forma exacta cómo debe quedar."
"REC-HOLD-01","area-recepcion","Recepción","AUDIT_CURRENT_STATE","AUDITORIA / evidencia de campo","NO","YES","NO","OPEN","Confirmar responsable y estación vigente de Recepción.","Verifica condición, inventario, medición o evidencia actual; no redefine por sí sola el estándar permanente."
"REC-HOLD-02","area-recepcion","Recepción","SYSTEM_RECORD","Gobernanza / BIWO / registro controlado","SECTION_ONLY","YES","NO","OPEN","Cerrar estados BIWO exactos.","Falta identidad, estado o registro exacto; bloquea la capa de trazabilidad correspondiente, no la condición física general del área."
"REC-HOLD-03","area-recepcion","Recepción","IMPLEMENT_DECISION","Definición de diseño / organización antes de implementar","YES","NO","YES","OPEN","Definir estándar físico de espera con evidencia real del área.","Hace falta decidir la condición objetivo antes de poder auditarla o implementarla sin inventar."
"REC-HOLD-04","area-recepcion","Recepción","AUDIT_CURRENT_STATE","AUDITORIA / evidencia de campo","NO","YES","NO","OPEN","Capturar evidencia fotográfica real del área.","Verifica condición, inventario, medición o evidencia actual; no redefine por sí sola el estándar permanente."
"CAR-HOLD-01","area-carpinteria","Carpintería / Corte / Embalaje","IMPLEMENT_DECISION","Definición de diseño / organización antes de implementar","YES","NO","YES","OPEN","Decidir si ROCA implementará este frente dedicado o mantendrá parte del trabajo en Bases/Logística.","Hace falta decidir la condición objetivo antes de poder auditarla o implementarla sin inventar."
"CAR-HOLD-02","area-carpinteria","Carpintería / Corte / Embalaje","IMPLEMENT_DECISION","Definición de diseño / organización antes de implementar","YES","NO","YES","OPEN","Definir ubicación real sin invadir Retoque ni circulación.","Hace falta decidir la condición objetivo antes de poder auditarla o implementarla sin inventar."
"CAR-HOLD-03","area-carpinteria","Carpintería / Corte / Embalaje","IMPLEMENT_DECISION","Definición de diseño / organización antes de implementar","YES","NO","YES","OPEN","Definir responsable real.","Hace falta decidir la condición objetivo antes de poder auditarla o implementarla sin inventar."
"CAR-HOLD-04","area-carpinteria","Carpintería / Corte / Embalaje","IMPLEMENT_DECISION","Definición de diseño / organización antes de implementar","YES","NO","YES","OPEN","Definir estación/layout.","Hace falta decidir la condición objetivo antes de poder auditarla o implementarla sin inventar."
"CAR-HOLD-05","area-carpinteria","Carpintería / Corte / Embalaje","IMPLEMENT_DECISION","Definición de diseño / organización antes de implementar","YES","NO","YES","OPEN","Levantar herramientas/equipo existentes.","Hace falta decidir la condición objetivo antes de poder auditarla o implementarla sin inventar."
"CAR-HOLD-06","area-carpinteria","Carpintería / Corte / Embalaje","DEFINE_STANDARD","Estándar permanente / metodología / criterio técnico","YES","NO","NO","OPEN","Observar método primario demostrado; no inventar secuencia.","Falta un parámetro, método, criterio o regla necesaria para definir de forma exacta cómo debe quedar."
"CAR-HOLD-07","area-carpinteria","Carpintería / Corte / Embalaje","DEFINE_STANDARD","Estándar permanente / metodología / criterio técnico","YES","NO","NO","OPEN","Cerrar criterio de dimensionado/protección por pieza/destino.","Falta un parámetro, método, criterio o regla necesaria para definir de forma exacta cómo debe quedar."
"CAR-HOLD-08","area-carpinteria","Carpintería / Corte / Embalaje","DEFINE_STANDARD","Estándar permanente / metodología / criterio técnico","YES","NO","NO","OPEN","Confirmar materiales y uniones reales.","Falta un parámetro, método, criterio o regla necesaria para definir de forma exacta cómo debe quedar."
"CAR-HOLD-09","area-carpinteria","Carpintería / Corte / Embalaje","DEFINE_STANDARD","Estándar permanente / metodología / criterio técnico","YES","NO","NO","OPEN","Observar manipulación/carga.","Falta un parámetro, método, criterio o regla necesaria para definir de forma exacta cómo debe quedar."
"CAR-HOLD-10","area-carpinteria","Carpintería / Corte / Embalaje","SYSTEM_RECORD","Gobernanza / BIWO / registro controlado","SECTION_ONLY","YES","NO","OPEN","Cerrar interfaz con Bases y Logística.","Falta identidad, estado o registro exacto; bloquea la capa de trazabilidad correspondiente, no la condición física general del área."
"CAR-HOLD-11","area-carpinteria","Carpintería / Corte / Embalaje","SYSTEM_RECORD","Gobernanza / BIWO / registro controlado","SECTION_ONLY","YES","NO","OPEN","Cerrar BIWO real.","Falta identidad, estado o registro exacto; bloquea la capa de trazabilidad correspondiente, no la condición física general del área."
"CAR-HOLD-12","area-carpinteria","Carpintería / Corte / Embalaje","AUDIT_CURRENT_STATE","AUDITORIA / evidencia de campo","NO","YES","NO","OPEN","Capturar evidencia de campo.","Verifica condición, inventario, medición o evidencia actual; no redefine por sí sola el estándar permanente."
"CAR-HOLD-13","area-carpinteria","Carpintería / Corte / Embalaje","DEFINE_STANDARD","Estándar permanente / metodología / criterio técnico","YES","NO","NO","OPEN","Demostrar competencia.","Falta un parámetro, método, criterio o regla necesaria para definir de forma exacta cómo debe quedar."
"SOL-HOLD-01","area-soldadura","Soldadura / Adaptación","DEFINE_STANDARD","Estándar permanente / metodología / criterio técnico","YES","NO","NO","OPEN","Realizar entrevista/demostración técnica del responsable.","Falta un parámetro, método, criterio o regla necesaria para definir de forma exacta cómo debe quedar."
"SOL-HOLD-02","area-soldadura","Soldadura / Adaptación","DEFINE_STANDARD","Estándar permanente / metodología / criterio técnico","YES","NO","NO","OPEN","Identificar proceso de soldadura real.","Falta un parámetro, método, criterio o regla necesaria para definir de forma exacta cómo debe quedar."
"SOL-HOLD-03","area-soldadura","Soldadura / Adaptación","DEFINE_STANDARD","Estándar permanente / metodología / criterio técnico","YES","NO","NO","OPEN","Levantar consumibles reales.","Falta un parámetro, método, criterio o regla necesaria para definir de forma exacta cómo debe quedar."
"SOL-HOLD-04","area-soldadura","Soldadura / Adaptación","DEFINE_STANDARD","Estándar permanente / metodología / criterio técnico","YES","NO","NO","OPEN","Definir EPP según proceso real.","Falta un parámetro, método, criterio o regla necesaria para definir de forma exacta cómo debe quedar."
"SOL-HOLD-05","area-soldadura","Soldadura / Adaptación","AUDIT_CURRENT_STATE","AUDITORIA / evidencia de campo","NO","YES","NO","OPEN","Verificar ventilación/extracción.","Verifica condición, inventario, medición o evidencia actual; no redefine por sí sola el estándar permanente."
"SOL-HOLD-06","area-soldadura","Soldadura / Adaptación","DEFINE_STANDARD","Estándar permanente / metodología / criterio técnico","YES","NO","NO","OPEN","Cerrar protección contra incendio y autorización de trabajo en caliente según aplicabilidad.","Falta un parámetro, método, criterio o regla necesaria para definir de forma exacta cómo debe quedar."
"SOL-HOLD-07","area-soldadura","Soldadura / Adaptación","AUDIT_CURRENT_STATE","AUDITORIA / evidencia de campo","NO","YES","NO","OPEN","Cerrar mantenimiento y evidencia de equipo real.","Verifica condición, inventario, medición o evidencia actual; no redefine por sí sola el estándar permanente."
"BLA-HOLD-01","area-blanqueado","Blanqueado / Tratamiento de cráneos","AUDIT_CURRENT_STATE","AUDITORIA / evidencia de campo","NO","YES","NO","OPEN","Confirmar responsable operativo.","Verifica condición, inventario, medición o evidencia actual; no redefine por sí sola el estándar permanente."
"BLA-HOLD-02","area-blanqueado","Blanqueado / Tratamiento de cráneos","DEFINE_STANDARD","Estándar permanente / metodología / criterio técnico","YES","NO","NO","OPEN","Capturar secuencia completa real.","Falta un parámetro, método, criterio o regla necesaria para definir de forma exacta cómo debe quedar."
"BLA-HOLD-03","area-blanqueado","Blanqueado / Tratamiento de cráneos","DEFINE_STANDARD","Estándar permanente / metodología / criterio técnico","YES","NO","NO","OPEN","Confirmar si tiempos/temperaturas gobiernan realmente el proceso antes de fijarlos.","Falta un parámetro, método, criterio o regla necesaria para definir de forma exacta cómo debe quedar."
"BLA-HOLD-04","area-blanqueado","Blanqueado / Tratamiento de cráneos","AUDIT_CURRENT_STATE","AUDITORIA / evidencia de campo","NO","YES","NO","OPEN","Verificar ventilación real.","Verifica condición, inventario, medición o evidencia actual; no redefine por sí sola el estándar permanente."
"BLA-HOLD-05","area-blanqueado","Blanqueado / Tratamiento de cráneos","AUDIT_CURRENT_STATE","AUDITORIA / evidencia de campo","NO","YES","NO","OPEN","Verificar drenaje y ruta de agua.","Verifica condición, inventario, medición o evidencia actual; no redefine por sí sola el estándar permanente."
"BLA-HOLD-06","area-blanqueado","Blanqueado / Tratamiento de cráneos","DEFINE_STANDARD","Estándar permanente / metodología / criterio técnico","YES","NO","NO","OPEN","Confirmar si existe producto auxiliar.","Falta un parámetro, método, criterio o regla necesaria para definir de forma exacta cómo debe quedar."
"BLA-HOLD-07","area-blanqueado","Blanqueado / Tratamiento de cráneos","AUDIT_CURRENT_STATE","AUDITORIA / evidencia de campo","NO","YES","NO","OPEN","Completar evidencia de campo.","Verifica condición, inventario, medición o evidencia actual; no redefine por sí sola el estándar permanente."
"SUP-HOLD-01","area-soporte","Espacios de soporte","AUDIT_CURRENT_STATE","AUDITORIA / evidencia de campo","NO","YES","NO","OPEN","Completar levantamiento físico y fotografías de subzonas.","Verifica condición, inventario, medición o evidencia actual; no redefine por sí sola el estándar permanente."
"SUP-HOLD-02","area-soporte","Espacios de soporte","AUDIT_CURRENT_STATE","AUDITORIA / evidencia de campo","NO","YES","NO","OPEN","Cerrar inventarios y ubicaciones reales.","Verifica condición, inventario, medición o evidencia actual; no redefine por sí sola el estándar permanente."
"SUP-HOLD-03","area-soporte","Espacios de soporte","AUDIT_CURRENT_STATE","AUDITORIA / evidencia de campo","NO","YES","NO","OPEN","Verificar rutas y condiciones de circulación/carga.","Verifica condición, inventario, medición o evidencia actual; no redefine por sí sola el estándar permanente."
"SUP-HOLD-04","area-soporte","Espacios de soporte","SYSTEM_RECORD","Gobernanza / BIWO / registro controlado","SECTION_ONLY","YES","NO","OPEN","Cerrar privacidad y archivo real de Oficina/BIWO.","Falta identidad, estado o registro exacto; bloquea la capa de trazabilidad correspondiente, no la condición física general del área."
"SUP-HOLD-05","area-soporte","Espacios de soporte","AUDIT_CURRENT_STATE","AUDITORIA / evidencia de campo","NO","YES","NO","OPEN","Levantar residuos reales y destinos.","Verifica condición, inventario, medición o evidencia actual; no redefine por sí sola el estándar permanente."
"SUP-HOLD-06","area-soporte","Espacios de soporte","AUDIT_CURRENT_STATE","AUDITORIA / evidencia de campo","NO","YES","NO","OPEN","Verificar condiciones de carga/descarga.","Verifica condición, inventario, medición o evidencia actual; no redefine por sí sola el estándar permanente."
"SUP-HOLD-07","area-soporte","Espacios de soporte","AUDIT_CURRENT_STATE","AUDITORIA / evidencia de campo","NO","YES","NO","OPEN","Cerrar mantenimiento y servicios aplicables.","Verifica condición, inventario, medición o evidencia actual; no redefine por sí sola el estándar permanente."
