"packet_id","req_id","authority","procedure","official_url","applicability_trigger","applicability_state","official_form","form_version_date","form_master_prefill","additional_fields","annexes","evidence_ids","payment_rights","external_study","signature_required","data_owner","who_files","channel","external_dependency","status","exact_blocker","source_verified_on"
"TRAM-001","SEM-0717","SEMARNAT","SEMARNAT-07-017 · Registro de generadores de residuos peligrosos","https://www.gob.mx/public/tramites/detalleTramite.xhtml?homoclave=SEMARNAT-07-017","ROCA genera residuos peligrosos","APPLICABILITY_PENDING","Formato oficial vigente a recuperar del portal al confirmar aplicabilidad","PENDING_CURRENT_FORM","SCHEMA_READY_14_KEYS; VALUES_REQUIRE_VERIFIED_EVIDENCE","legal_name;rfc;legal_representative;site_address + clasificación/corrientes/cantidad anual","Clasificación de corrientes; estimación/cantidad anual; documentación legal del promovente","PENDING_CAPTURE","PENDING_OFFICIAL_CHECK","Clasificación/characterización sólo cuando técnicamente corresponda","Sí, conforme al formato/escrito aplicable","Administración / representante legal + dueño técnico del dato","Representante legal o persona autorizada","Autoridad federal / canal oficial vigente","Primero demostrar que ROCA genera residuos peligrosos y cuantificar.","APPLICABILITY_PENDING","Clasificar las corrientes reales y cuantificar generación anual; sin ese hecho no se debe abrir expediente de registro.","2026-10-02"
"TRAM-002","SEM-08006","SEMARNAT","SEMARNAT-08-006 · Incorporación al registro/padrón de prestadores de servicios en materia de vida silvestre","https://www.gob.mx/public/tramites/detalleTramite.xhtml?homoclave=SEMARNAT-08-006","Preparación/preservación/montaje/tratamiento o transformación de ejemplares/partes/derivados","APPLICABILITY_PENDING","FF-SEMARNAT-007","CURRENT_PORTAL_2026-10-02","SCHEMA_READY_14_KEYS; VALUES_REQUIRE_VERIFIED_EVIDENCE","applicant_type;legal_name;rfc;curp;legal_representative;contact_phone;contact_email;address_street;address_locality;address_municipality;address_state;address_postal_code + actividad/infraestructura","Identidad/personalidad; infraestructura y actividad real; anexos exigidos por FF-SEMARNAT-007","PENDING_CAPTURE","Sin costo según portal oficial consultado","No identificado como requisito general del aviso; revisar anexos del formato vigente","Sí","Administración / representante legal + dueño técnico del dato","Interesado o representante legal; puede autorizar gestores conforme al trámite","Presentación conforme a la vía oficial vigente; el portal describe el trámite como aviso","Reconciliar si ROCA/razón social ya está incorporada y bajo qué titular.","DATA_PENDING","Falta reconciliar titular/razón social, registro previo vigente y FORM_MASTER restringido antes de prellenar FF-SEMARNAT-007.","2026-10-02"
"TRAM-003","SEM-08009","SEMARNAT","SEMARNAT-08-009 · Importación/exportación/reexportación de ejemplares, partes y derivados de vida silvestre","https://www.gob.mx/public/tramites/detalleTramite.xhtml?homoclave=SEMARNAT-08-009","Movimiento transfronterizo de ejemplares/partes/derivados","APPLICABILITY_PENDING","Formato oficial vigente del trámite","PENDING_CURRENT_FORM","SCHEMA_READY_14_KEYS; VALUES_REQUIRE_VERIFIED_EVIDENCE","FORM_MASTER + especie;parte/derivado;cantidad;origen;destino;legal procedencia;operación internacional;marcaje;CITES cuando aplique","Legal procedencia; documentos de operación; permisos/certificados previos; marcaje y anexos específicos","PENDING_CAPTURE","PENDING_OFFICIAL_CHECK","No asumir; depende de especie/producto/origen/destino","Sí","Administración / representante legal + dueño técnico del dato","Titular/representante autorizado","SEMARNAT / vía oficial vigente","Existe sólo por operación internacional concreta.","APPLICABILITY_PENDING","No hay caso transfronterizo concreto ligado a especie, pieza, origen y destino; preparar paquete por operación, no genérico.","2026-10-02"
"TRAM-004","CITES","Autoridad Administrativa CITES México / SEMARNAT","Permiso o certificado CITES según especie, apéndice y operación","https://cites.org/","Especie/parte/derivado y movimiento sujeto a CITES","APPLICABILITY_PENDING","Formato/certificado aplicable según operación","PENDING_CASE_SPECIFIC","SCHEMA_READY_14_KEYS; VALUES_REQUIRE_VERIFIED_EVIDENCE","FORM_MASTER + especie científica;apéndice;espécimen;cantidad;marcaje;origen;source code;purpose code;país origen/destino","Legal procedencia; permiso previo cuando corresponda; documentos de transporte/comercio","PENDING_CAPTURE","PENDING_CASE_SPECIFIC","Depende del espécimen y operación; no asumir","Sí","Administración / representante legal + dueño técnico del dato","Titular/representante autorizado","Autoridad CITES/SEMARNAT según trámite aplicable","Requiere una operación y espécimen definidos.","APPLICABILITY_PENDING","Falta operación concreta y clasificación CITES de la especie/espécimen; no existe paquete universal listo para presentar.","2026-10-02"
"TRAM-005","SLP-PC-PIPC","Coordinación Estatal/Municipal de Protección Civil competente","Programa Interno de Protección Civil cuando el supuesto legal se active","https://congresosanluis.gob.mx/sites/default/files/unpload/legislacion/leyes/2025/08/Ley%20del%20Sistema%20de%20Proteccion%20Civil%20(al%2011%20%20Julio%202025).pdf","Inmueble/instalación fija o móvil del sector privado que por naturaleza o uso reciba afluencia constante o masiva de personas","APPLICABILITY_PENDING","Expediente/PIPC conforme a reglamento, lineamientos y autoridad competente","APPLICABILITY_PENDING","SCHEMA_READY_14_KEYS; VALUES_REQUIRE_VERIFIED_EVIDENCE","site_address + uso;aforo;superficies;rutas;riesgos;brigadas;responsables;inventarios y medios de respuesta","Planos/croquis; análisis de riesgos; brigadas; evidencia de capacitación; equipos y demás anexos que exija autoridad","PENDING_CAPTURE","PENDING_AUTHORITY_ROUTE","Puede requerir consultor/corresponsable según régimen aplicable","Sí","Administración / representante legal + dueño técnico del dato","Responsable/titular o gestor autorizado","Protección Civil competente","Primero resolver trigger legal del inmueble y uso real.","APPLICABILITY_PENDING","Falta resolver si el inmueble/uso de ROCA cae en el supuesto que obliga PIPC y qué autoridad/canal exacto corresponde.","2026-10-02"
"TRAM-006","SLP-PC-AFORO","Protección Civil competente","Determinación/exhibición de aforo cuando el régimen aplicable lo active","https://congresosanluis.gob.mx/sites/default/files/unpload/legislacion/leyes/2025/08/Ley%20del%20Sistema%20de%20Proteccion%20Civil%20(al%2011%20%20Julio%202025).pdf","Se activa para los inmuebles/instalaciones sujetos al artículo 15 y conforme al reglamento/lineamientos aplicables","APPLICABILITY_PENDING","No separar del expediente PC aplicable","APPLICABILITY_PENDING","SCHEMA_READY_14_KEYS; VALUES_REQUIRE_VERIFIED_EVIDENCE","uso;superficie;ocupación/aforo autorizado","Soporte de cálculo/autorización que corresponda","PENDING_CAPTURE","PENDING_AUTHORITY_ROUTE","Puede depender de PIPC/estudio de riesgo","Según expediente","Administración / representante legal + dueño técnico del dato","Titular/representante","Protección Civil competente","Depende de PIPC/art.15 y régimen aplicable.","APPLICABILITY_PENDING","Resolver primero aplicabilidad de PIPC y vía competente; no imprimir ni fijar aforo por cálculo interno.","2026-10-02"
"TRAM-007","SLP-MUN-FUNC","Ayuntamiento de San Luis Potosí","Factibilidad de uso de suelo para funcionamiento + licencia/refrendo de funcionamiento según giro/ruta","https://municipiodeslp.gob.mx/","Establecimiento comercial, industrial y/o de servicios operando en el Municipio de San Luis Potosí","APPLICABILITY_PENDING","Ruta municipal vigente; SARE sólo si cumple criterios del municipio","CURRENT_PORTAL_2026-10-02","SCHEMA_READY_14_KEYS; VALUES_REQUIRE_VERIFIED_EVIDENCE","site_address;legal_name;rfc;phone_email + giro;superficie;licencia comercial existente;uso de suelo/factibilidad","Documentación legal; inmueble; giro; superficie; licencia/antecedentes y anexos de la ruta aplicable","PENDING_CAPTURE","Derechos/refrendo según ruta municipal vigente","Depende de giro/superficie/uso; no asumir","Sí cuando el formato/solicitud lo exija","Administración / representante legal + dueño técnico del dato","Titular/representante/gestor autorizado","Portal/Unidad Administrativa Municipal según ruta","SARE sólo para negocios de máximo 119.99 m² y giros de bajo impacto según portal.","DATA_PENDING","Faltan giro exacto, superficie real del establecimiento y números/estatus de uso de suelo/licencia comercial actuales para elegir ruta y prellenar.","2026-10-02"
"TRAM-008","SLP-PC-CONSULT","Coordinación Estatal de Protección Civil SLP","Verificación de agente consultor capacitador/corresponsable registrado","https://proteccioncivil.slp.gob.mx/consultores-2024/","ROCA contrata asesoría/capacitación/evaluación o elaboración de PIPC/estudio de riesgo que requiera agente consultor/carta de corresponsabilidad","APPLICABILITY_PENDING","No aplica como trámite propio de ROCA salvo contratación/expediente","VERIFY_CURRENT_REGISTER","SCHEMA_READY_14_KEYS; VALUES_REQUIRE_VERIFIED_EVIDENCE","Nombre del consultor; registro; vigencia; alcance contratado","Constancia/registro vigente; contrato/carta de corresponsabilidad cuando aplique","PENDING_CAPTURE","Honorarios externos si se contrata; no es derecho definido aquí","Sí, sólo si el expediente aplicable lo requiere","Según contrato/corresponsabilidad","Administración / representante legal + dueño técnico del dato","No aplica como presentación separada de ROCA","Verificación de registro + expediente PC","Sólo si ROCA contrata actividad que requiera agente registrado.","APPLICABILITY_PENDING","No hay consultor/servicio concreto definido; verificar registro vigente antes de contratar o aceptar corresponsabilidad.","2026-10-02"
"TRAM-009","SLP-ENV-WW-2026","Autoridad/operador competente en SLP","Ruta aplicable a descarga de aguas residuales a drenaje/alcantarillado","https://periodicooficial.slp.gob.mx/","ROCA descarga aguas residuales de proceso a la red de drenaje/alcantarillado en municipio cubierto por la NTE","APPLICABILITY_PENDING","Formato/permiso según operador y municipio aplicable","APPLICABILITY_PENDING","SCHEMA_READY_14_KEYS; VALUES_REQUIRE_VERIFIED_EVIDENCE","site_address + puntos de descarga;origen;caudal/volumen;caracterización;destino/operador","Croquis/red; caracterización/muestreo cuando corresponda; expediente existente","PENDING_CAPTURE","PENDING_OPERATOR_ROUTE","Muestreo/laboratorio cuando el régimen aplicable lo exija","Sí","Administración / representante legal + dueño técnico del dato","Titular/representante","Operador/autoridad competente","Distinguir sanitaria/pluvial/proceso y conocer destino real.","APPLICABILITY_PENDING","Falta mapear físicamente cada descarga de proceso y confirmar a qué red/operador llega; sin eso no se puede elegir permiso ni muestreo.","2026-10-02"
"TRAM-010","SLP-ENV-RINP","SEGAM SLP","Registro de Generadores de Residuos Industriales No Peligrosos","https://segam.slp.gob.mx/residuos/","ROCA genera residuos industriales no peligrosos sujetos al registro estatal","APPLICABILITY_PENDING","Formato/ruta SEGAM vigente","VERIFY_CURRENT_FORM","SCHEMA_READY_14_KEYS; VALUES_REQUIRE_VERIFIED_EVIDENCE","FORM_MASTER + corrientes;cantidad;almacenamiento temporal;recolector;destino","Inventario; cantidades; evidencia de destino/recolección; documentación legal","PENDING_CAPTURE","PENDING_OFFICIAL_CHECK","No asumir","Sí","Administración / representante legal + dueño técnico del dato","Titular/representante","SEGAM","Primero inventariar y cuantificar corrientes reales.","APPLICABILITY_PENDING","Faltan corrientes, cantidades y destinos reales; no se puede decidir registro ni completar expediente.","2026-10-02"
"TRAM-011","SLP-ENV-RME","SEGAM SLP","Plan de manejo / registro aplicable a residuos de manejo especial","https://segam.slp.gob.mx/residuos/","ROCA genera residuos de manejo especial y se activa supuesto de plan; SEGAM señala gran generador >10 t/año para su trámite estatal","APPLICABILITY_PENDING","Formato/ruta SEGAM vigente","VERIFY_CURRENT_FORM","SCHEMA_READY_14_KEYS; VALUES_REQUIRE_VERIFIED_EVIDENCE","FORM_MASTER + corriente/categoría;cantidad anual;generación;almacenamiento;destino;plan","Inventario/cuantificación anual; plan de manejo si activa; documentación legal","PENDING_CAPTURE","PENDING_OFFICIAL_CHECK","Puede requerir apoyo técnico según plan; no asumir","Sí","Administración / representante legal + dueño técnico del dato","Titular/representante","SEGAM","Resolver categoría y toneladas/año; el registro actual de proyecto usa >10 t/año como trigger estatal candidato.","APPLICABILITY_PENDING","Falta cuantificación anual por corriente y clasificación; no se puede determinar si activa plan/registro.","2026-10-02"
"TRAM-012","SLP-MUN-CONST","Ayuntamiento de San Luis Potosí / Desarrollo Urbano competente","Licencia municipal de construcción/modificación cuando la intervención la active","https://congresosanluis.gob.mx/","Fast Track requiere construcción nueva, ampliación, modificación, reparación, excavación, demolición o modificación estructural del inmueble","APPLICABILITY_PENDING","Expediente municipal según tipo de obra","PROJECT_DEPENDENT","SCHEMA_READY_14_KEYS; VALUES_REQUIRE_VERIFIED_EVIDENCE","site_address + tipo de intervención;superficie;proyecto;propietario/poseedor;responsables técnicos","Proyecto/planos/memorias y documentos del inmueble según intervención","PENDING_CAPTURE","Derechos según obra/ruta","Responsable técnico/estudios según intervención","Sí","Administración / representante legal + dueño técnico del dato","Propietario/representante/gestor autorizado","Municipio / Desarrollo Urbano","Sólo si una acción de implementación implica obra dentro del supuesto legal.","APPLICABILITY_PENDING","No existe intervención física definida todavía; cada MODIFY estructural debe pasar este gate antes de ejecutarse.","2026-10-02"
"TRAM-013","SLP-ENV-AIR","SEGAM SLP","Permiso de Operación de Fuente Fija / COA cuando corresponda","https://segam.slp.gob.mx/atmosfera-y-fuentes-fijas/","Instalación permanente con proceso industrial que genera emisiones contaminantes a la atmósfera y cae en jurisdicción local","APPLICABILITY_PENDING","Formato/ruta SEGAM vigente","VERIFY_CURRENT_FORM","SCHEMA_READY_14_KEYS; VALUES_REQUIRE_VERIFIED_EVIDENCE","FORM_MASTER + fuentes/procesos;combustibles/materiales;emisiones;equipos de control;horas/producción","Inventario de fuentes; memoria/proceso; mediciones si se exigen; permiso/COA previos","PENDING_CAPTURE","PENDING_OFFICIAL_CHECK","Medición/estudio sólo si el régimen aplicable lo exige","Sí","Administración / representante legal + dueño técnico del dato","Titular/representante","SEGAM","Resolver si existen fuentes fijas emisoras y jurisdicción local.","APPLICABILITY_PENDING","Falta inventario de fuentes/procesos emisores, combustibles/materiales y expediente previo; no se puede afirmar que POFF/COA aplique.","2026-10-02"
"TRAM-014","SLP-ENV-IA","SEGAM SLP","Impacto ambiental / informe preventivo / exención según obra o actividad","https://segam.slp.gob.mx/impacto/","Obra, ampliación, modificación o actividad propuesta activa supuesto de evaluación ambiental estatal/local","APPLICABILITY_PENDING","Guía/formato vigente según modalidad","CURRENT_ROUTE_2026-10-02","SCHEMA_READY_14_KEYS; VALUES_REQUIRE_VERIFIED_EVIDENCE","FORM_MASTER + proyecto/obra;ubicación;superficies;proceso;impactos;cronograma","Proyecto; planos; memoria; estudios/anexos exigidos por modalidad","PENDING_CAPTURE","PENDING_MODALITY","Puede requerir estudio/consultor según modalidad","Sí","Administración / representante legal + dueño técnico del dato","Promovente/representante","SEGAM","Sólo se define después de una obra/actividad propuesta concreta.","APPLICABILITY_PENDING","No hay obra/ampliación/modificación concreta definida; primero describir proyecto y resolver modalidad/exención.","2026-10-02"
